{
"type": "FeatureCollection",
"name": "asaka_border",
"crs": { "type": "name", "properties": { "name": "urn:ogc:def:crs:OGC:1.3:CRS84" } },
"features": [
{ "type": "Feature", "properties": { "fid": 1 }, "geometry": { "type": "Polygon", "coordinates": [ [ [ 72.208609277225747, 40.755821948823183 ], [ 72.209019990484038, 40.755804664625188 ], [ 72.209270981708386, 40.755804664625188 ], [ 72.209499155318213, 40.7558392339769 ], [ 72.209544790547255, 40.7558392339769 ], [ 72.209772964157068, 40.755873802350401 ], [ 72.210092406957315, 40.756029361729169 ], [ 72.210320581834807, 40.756305909343432 ], [ 72.210594389406012, 40.756686161634946 ], [ 72.210617207020533, 40.756720730528286 ], [ 72.210708477478576, 40.756841719112863 ], [ 72.21091383347391, 40.75675529844343 ], [ 72.211301729117693, 40.756599740763292 ], [ 72.211598354303405, 40.756513320739522 ], [ 72.211849345527753, 40.756444183679399 ], [ 72.212031885176216, 40.756340478434495 ], [ 72.21214597198113, 40.75623677302783 ], [ 72.212305694015072, 40.756081214134383 ], [ 72.212374145590971, 40.75596022416574 ], [ 72.212602319200812, 40.7558392339769 ], [ 72.21283049407829, 40.755683674153261 ], [ 72.213332475259335, 40.755458976841133 ], [ 72.21374318851764, 40.755234277809343 ], [ 72.214267988580829, 40.754957724777078 ], [ 72.214655884224612, 40.754715740530301 ], [ 72.214998144639381, 40.754456469894038 ], [ 72.215249135863715, 40.75424905304115 ], [ 72.215431675512178, 40.754041635541164 ], [ 72.215659849122019, 40.753834216433823 ], [ 72.215865205117339, 40.753678652878996 ], [ 72.21609337872718, 40.753471233599512 ], [ 72.216253100761108, 40.753281098531488 ], [ 72.216321553604658, 40.753142817616713 ], [ 72.216344369951514, 40.753108247823221 ], [ 72.216367187566036, 40.753090962919728 ], [ 72.216572544828992, 40.75321195811005 ], [ 72.216800718438833, 40.753384808548695 ], [ 72.217097343624573, 40.753626797639654 ], [ 72.217416787692457, 40.753886071511396 ], [ 72.217644961302298, 40.754128059738171 ], [ 72.217713412878183, 40.754179913626295 ], [ 72.217827499683096, 40.754110774139548 ], [ 72.217987221717038, 40.75400706525474 ], [ 72.218283848170415, 40.753834216433823 ], [ 72.218443570204357, 40.753765077547847 ], [ 72.218557657009271, 40.753695937629701 ], [ 72.218671743814198, 40.753678652878996 ], [ 72.218831464580504, 40.753661368123794 ], [ 72.218991186614431, 40.753644083364101 ], [ 72.219128091033866, 40.753609512870973 ], [ 72.219264995453287, 40.753557658537972 ], [ 72.219424717487243, 40.75348851840414 ], [ 72.219447533834114, 40.753419378198394 ], [ 72.219447533834114, 40.753315668235103 ], [ 72.219470351448621, 40.753263813672937 ], [ 72.220040786740853, 40.753229242982087 ], [ 72.220200507507158, 40.75319467323353 ], [ 72.2203602295411, 40.753160102506719 ], [ 72.220383047155622, 40.753160102506719 ], [ 72.220656855994477, 40.753056392139001 ], [ 72.220748125184883, 40.753039107222037 ], [ 72.220816578028419, 40.752848970918251 ], [ 72.220862211989797, 40.752727975067373 ], [ 72.220930664833332, 40.752641549050416 ], [ 72.22097629879471, 40.752624264025606 ], [ 72.220999116409217, 40.75252055282207 ], [ 72.221090385599638, 40.752295843859201 ], [ 72.221204472404537, 40.752105705429926 ], [ 72.22131855920945, 40.751932852626254 ], [ 72.221387012053, 40.751794568907421 ], [ 72.221638003277349, 40.751397003294336 ], [ 72.221774907696783, 40.751327860913648 ], [ 72.221843359272683, 40.751310575547329 ], [ 72.222071532882509, 40.751206862294687 ], [ 72.222185620955074, 40.751155005127558 ], [ 72.222299707759987, 40.751103148880283 ], [ 72.222368159335872, 40.751085863455543 ], [ 72.2224822461408, 40.751051291632265 ], [ 72.222801690208698, 40.751085863455543 ], [ 72.223075497779902, 40.751172291494626 ], [ 72.223372124233279, 40.751448859312433 ], [ 72.223623115457613, 40.751742713158947 ], [ 72.223782837491584, 40.751967423030877 ], [ 72.22394255825786, 40.751984708226452 ], [ 72.224262002325759, 40.751950137830811 ], [ 72.224284819940252, 40.751915566456908 ], [ 72.2244901759356, 40.751708141677192 ], [ 72.224763984774455, 40.751397003294336 ], [ 72.224946523155268, 40.751206862294687 ], [ 72.225129062803717, 40.751103148880283 ], [ 72.225334418799036, 40.750999435304109 ], [ 72.225585410023385, 40.75093029251002 ], [ 72.225699496828298, 40.750861149644024 ], [ 72.22592767170579, 40.750964863435897 ], [ 72.226133027701124, 40.751103148880283 ], [ 72.226247114506023, 40.751137719716297 ], [ 72.226384018925458, 40.751189576896905 ], [ 72.226520923344893, 40.751206862294687 ], [ 72.226635010149806, 40.751206862294687 ], [ 72.22674909695472, 40.751293290176505 ], [ 72.22684036614514, 40.751362432593133 ], [ 72.227045723408096, 40.751362432593133 ], [ 72.227205444174402, 40.751327860913648 ], [ 72.227387983822851, 40.75137971794598 ], [ 72.227616157432678, 40.751327860913648 ], [ 72.227821513428012, 40.751310575547329 ], [ 72.227958417847447, 40.751293290176505 ], [ 72.228049688305504, 40.751310575547329 ], [ 72.228186591457288, 40.75137971794598 ], [ 72.228346313491215, 40.751397003294336 ], [ 72.228437582681622, 40.751397003294336 ], [ 72.2285516707542, 40.751483430928992 ], [ 72.228688573905984, 40.751535286879687 ], [ 72.228848295939926, 40.751569858451319 ], [ 72.229281826812723, 40.75177728366242 ], [ 72.229669722456492, 40.751950137830811 ], [ 72.229875078451826, 40.75203656474649 ], [ 72.230171704905203, 40.752261273625336 ], [ 72.230445512476422, 40.752364985233299 ], [ 72.230513965319957, 40.752399555413248 ], [ 72.230536782934465, 40.752399555413248 ], [ 72.231746103827177, 40.750895721566167 ], [ 72.231883008246626, 40.750636436033403 ], [ 72.231198486149466, 40.750308007008712 ], [ 72.230879043349219, 40.750117862895003 ], [ 72.230673687353899, 40.749979575401518 ], [ 72.230513965319957, 40.749875860072841 ], [ 72.230445512476422, 40.749737573036398 ], [ 72.230399878515044, 40.749616570563241 ], [ 72.230308608056987, 40.749391852746598 ], [ 72.230262974095609, 40.749253563743274 ], [ 72.230262974095609, 40.74921899192767 ], [ 72.230217338866581, 40.749149847282204 ], [ 72.230194521252059, 40.7490288446999 ], [ 72.230148887290682, 40.748925127888334 ], [ 72.230171704905203, 40.748734979820263 ], [ 72.230217338866581, 40.748579403374578 ], [ 72.230285791710116, 40.748475685862012 ], [ 72.230331425671494, 40.748423827525237 ], [ 72.230331425671494, 40.748406541403995 ], [ 72.230513965319957, 40.748147246165082 ], [ 72.230673687353899, 40.747922523383068 ], [ 72.230764956544306, 40.747766945036602 ], [ 72.230879043349219, 40.747559507315358 ], [ 72.23101594776864, 40.747386641733243 ], [ 72.231152852188089, 40.747248348559879 ], [ 72.231335390568887, 40.747127342517537 ], [ 72.23151793021735, 40.746989049765311 ], [ 72.231700468598163, 40.746850755765131 ], [ 72.231768921441699, 40.746695175871629 ], [ 72.231837373017584, 40.746556881260332 ], [ 72.231883008246626, 40.746487733846834 ], [ 72.231905825861134, 40.746453160593312 ], [ 72.231905825861134, 40.746314866439107 ], [ 72.23192864220799, 40.746228432086539 ], [ 72.23192864220799, 40.74607284977678 ], [ 72.231951459822511, 40.746055563044422 ], [ 72.231997095051526, 40.745813545438452 ], [ 72.231997095051526, 40.745796258638691 ], [ 72.232019912666033, 40.745640676278271 ], [ 72.232042730280554, 40.745554241049483 ], [ 72.232065546627425, 40.745467805708351 ], [ 72.232111181856439, 40.745346796426205 ], [ 72.23233935546628, 40.745329508544735 ], [ 72.23261316430515, 40.745346796426205 ], [ 72.233046695177947, 40.74527764775452 ], [ 72.233343320363687, 40.745173925092388 ], [ 72.233571493973528, 40.745156638126367 ], [ 72.234164746880268, 40.745104776240971 ], [ 72.234507007295022, 40.745104776240971 ], [ 72.235168711777661, 40.745018340315688 ], [ 72.235305614929445, 40.745035627317662 ], [ 72.2355794237683, 40.745001053309231 ], [ 72.235921684183069, 40.744897330215728 ], [ 72.236697475470606, 40.744689883543423 ], [ 72.237245093148346, 40.744551584762142 ], [ 72.237610171177607, 40.744447860967661 ], [ 72.237906797630984, 40.744378711361342 ], [ 72.238112153626304, 40.744326849829712 ], [ 72.238340327236131, 40.744257700097563 ], [ 72.238431596426551, 40.744240412893397 ], [ 72.238545683231465, 40.744223125684734 ], [ 72.238636953689507, 40.744223125684734 ], [ 72.238773858108942, 40.744240412893397 ], [ 72.238933578875248, 40.744223125684734 ], [ 72.239161753752725, 40.744188550293529 ], [ 72.239275840557653, 40.744136688613608 ], [ 72.239367109748045, 40.744119401378001 ], [ 72.239481196552958, 40.744084825932866 ], [ 72.239526831781987, 40.743981101410434 ], [ 72.239572465743365, 40.743877376726246 ], [ 72.239595283357886, 40.743773651880289 ], [ 72.239549648128843, 40.743687214225019 ], [ 72.239504014167466, 40.7434970511801 ], [ 72.239481196552958, 40.74339332574101 ], [ 72.239549648128843, 40.743306887591466 ], [ 72.239640918586915, 40.743185874377538 ], [ 72.239640918586915, 40.743116723459124 ], [ 72.239686552548292, 40.742978422367017 ], [ 72.239755005391828, 40.742857407595054 ], [ 72.239891909811249, 40.742684530751077 ], [ 72.240074448192061, 40.742528940150848 ], [ 72.240211352611482, 40.742407925521498 ], [ 72.240371074645438, 40.742217758818924 ], [ 72.240507979064859, 40.742096742662973 ], [ 72.240576430640758, 40.74199301504008 ], [ 72.240713335060192, 40.741889287255418 ], [ 72.240987143899048, 40.74166454332714 ], [ 72.24114686593299, 40.741508950340908 ], [ 72.241260952737903, 40.741387933855783 ], [ 72.241329404313802, 40.741301493100053 ], [ 72.241397857157338, 40.741318781068102 ], [ 72.241511943962266, 40.74126691715049 ], [ 72.241626030767193, 40.741215052231993 ], [ 72.241717299957585, 40.741145900225014 ], [ 72.242036742757833, 40.741249629168962 ], [ 72.24267562962595, 40.741387933855783 ], [ 72.243223247303661, 40.741543527125103 ], [ 72.244044672552604, 40.741733695755357 ], [ 72.244774829878793, 40.741906575070693 ], [ 72.245117090293547, 40.741975727247279 ], [ 72.245390899132417, 40.741941151648192 ], [ 72.245824428737563, 40.742027591572636 ], [ 72.246874028863985, 40.742286909711545 ], [ 72.247512915732102, 40.742459788549425 ], [ 72.248288705752032, 40.742632666937965 ], [ 72.248516880629509, 40.742649954560015 ], [ 72.24895041023467, 40.742563515444388 ], [ 72.249475210297874, 40.742304198383891 ], [ 72.250136914780512, 40.74199301504008 ], [ 72.250684531190586, 40.741733695755357 ], [ 72.25130060044421, 40.741422509742449 ], [ 72.251871035736443, 40.741180476237489 ], [ 72.252327382956111, 40.740955729914234 ], [ 72.252555556565952, 40.740782847167083 ], [ 72.252760913828922, 40.74071369375033 ], [ 72.253080356629155, 40.740696405625016 ], [ 72.253262896277604, 40.740661828400462 ], [ 72.253559521463345, 40.740471656705722 ], [ 72.253810512687693, 40.740160465748943 ], [ 72.253901781878099, 40.739953004302301 ], [ 72.254038686297534, 40.73952079007654 ], [ 72.254289677521868, 40.738984841688946 ], [ 72.254380947979925, 40.738604488166935 ], [ 72.254426581941317, 40.738345154711283 ], [ 72.25444939955581, 40.738172265179173 ], [ 72.254631939204273, 40.738051242623541 ], [ 72.254837295199593, 40.737861063465346 ], [ 72.25513392165297, 40.737619017001599 ], [ 72.255362095262811, 40.737463414552352 ], [ 72.255476182067738, 40.737273233713665 ], [ 72.255658720448537, 40.737013895068216 ], [ 72.255886895326014, 40.736702687935491 ], [ 72.256115068935856, 40.736391479346928 ], [ 72.256320424931175, 40.736114847948095 ], [ 72.256548598541016, 40.73573447801656 ], [ 72.256708320574958, 40.735423264898799 ], [ 72.256913676570278, 40.735094759783557 ], [ 72.257050580989713, 40.734852703254894 ], [ 72.257255938252669, 40.734472326107202 ], [ 72.257438476633496, 40.734126526463776 ], [ 72.257666650243308, 40.73371156528767 ], [ 72.257826372277279, 40.733383051720651 ], [ 72.258008911925714, 40.733002666170648 ], [ 72.258237085535555, 40.732587697985139 ], [ 72.258442441530875, 40.73219001755205 ], [ 72.258624981179338, 40.731878786893752 ], [ 72.258670615140716, 40.731809625181391 ], [ 72.258670615140716, 40.731757752889365 ], [ 72.258739067984251, 40.73177504333767 ], [ 72.25901287555547, 40.731861496472398 ], [ 72.259469224042789, 40.732103564844174 ], [ 72.260450371325675, 40.732587697985139 ], [ 72.261089258193792, 40.73291621451866 ], [ 72.261796596637808, 40.733313890611349 ], [ 72.26223012751062, 40.73352137372359 ], [ 72.262618023154403, 40.733728855228257 ], [ 72.262960283569157, 40.734091946784794 ], [ 72.263028735145042, 40.73416110612478 ], [ 72.263074370374071, 40.734143816296516 ], [ 72.263256908754883, 40.734057366127296 ], [ 72.263530717593738, 40.73395362596807 ], [ 72.263736074856709, 40.733884465451872 ], [ 72.264009882427928, 40.733746145164346 ], [ 72.264192422076377, 40.733538663713603 ], [ 72.264534682491131, 40.733227440324313 ], [ 72.264717222139595, 40.73301995629545 ], [ 72.264854126559015, 40.732898924366907 ], [ 72.265082300168856, 40.73262227844593 ], [ 72.265264838549683, 40.732501245793983 ], [ 72.265515829774017, 40.732345631374706 ], [ 72.265880907803279, 40.732172726251001 ], [ 72.265926543032322, 40.732155435906037 ], [ 72.266314438676091, 40.73199982163856 ], [ 72.266428525481004, 40.73196523989369 ], [ 72.26649697832454, 40.731896078271191 ], [ 72.266862056353816, 40.732051692781297 ], [ 72.267090229963642, 40.732138145556576 ], [ 72.267272768344455, 40.73219001755205 ], [ 72.267637846373717, 40.732311050770143 ], [ 72.267843203636701, 40.732380212921868 ], [ 72.268231099280484, 40.732466665270294 ], [ 72.268733081729167, 40.732587697985139 ], [ 72.269668593783024, 40.732812472580129 ], [ 72.27085509832888, 40.733037247376323 ], [ 72.271128905900085, 40.733089117710293 ], [ 72.271608072001925, 40.733210149292866 ], [ 72.272178506026492, 40.733313890611349 ], [ 72.273365009304712, 40.733573243680134 ], [ 72.27471123588451, 40.733832595737958 ], [ 72.275395756714019, 40.733970915845745 ], [ 72.275829287586816, 40.734040076272088 ], [ 72.276011825967629, 40.734091946784794 ], [ 72.276125912772542, 40.734109236626537 ], [ 72.276171548001571, 40.73416110612478 ], [ 72.276194365616078, 40.734195686728356 ], [ 72.2762171832306, 40.734230266353414 ], [ 72.276376903996905, 40.73417839690908 ], [ 72.276262817191977, 40.734057366127296 ], [ 72.276262817191977, 40.734040076272088 ], [ 72.276239999577456, 40.734005496548178 ], [ 72.276103096425686, 40.73386717555173 ], [ 72.276103096425686, 40.733694274382039 ], [ 72.276171548001571, 40.733504082768526 ], [ 72.276285634806484, 40.733279310510007 ], [ 72.27635408765002, 40.733037247376323 ], [ 72.276399721611412, 40.732847053884655 ], [ 72.276445356840426, 40.732587697985139 ], [ 72.276490990801804, 40.732311050770143 ], [ 72.276513808416325, 40.732120855202623 ], [ 72.276490990801804, 40.731896078271191 ], [ 72.276445356840426, 40.731740462436562 ], [ 72.276422539225919, 40.731446521169723 ], [ 72.276376903996905, 40.731256323130957 ], [ 72.276376903996905, 40.730893216099879 ], [ 72.276399721611412, 40.730651144285403 ], [ 72.276422539225919, 40.730409070629669 ], [ 72.276445356840426, 40.73023616047363 ], [ 72.276399721611412, 40.729890339774215 ], [ 72.276331270035527, 40.729579098359288 ], [ 72.27635408765002, 40.729319730682299 ], [ 72.276490990801804, 40.728922029756902 ], [ 72.276490990801804, 40.728731824502177 ], [ 72.276605078874383, 40.728437869944656 ], [ 72.276719165679296, 40.728074748494258 ], [ 72.276810434869702, 40.727763498587372 ], [ 72.276878886445587, 40.727590581556868 ], [ 72.276833252484209, 40.727313914526299 ], [ 72.276787617255195, 40.726968077679601 ], [ 72.276878886445587, 40.726656823557349 ], [ 72.276833252484209, 40.726518487284181 ], [ 72.276856070098717, 40.726397443529777 ], [ 72.276947339289123, 40.726155354399815 ], [ 72.277152695284443, 40.725913265349895 ], [ 72.277335234932906, 40.725688467449189 ], [ 72.277586226157254, 40.725480959912296 ], [ 72.277860033728473, 40.72534262215558 ], [ 72.27815666018185, 40.725238868409178 ], [ 72.278430469020705, 40.725186990994985 ], [ 72.278704277859561, 40.725117822327384 ], [ 72.278955269083923, 40.725014067269854 ], [ 72.279114989850214, 40.724858436301609 ], [ 72.279251894269649, 40.724737389527903 ], [ 72.279365981074562, 40.724547172312683 ], [ 72.279662607527939, 40.724235905907328 ], [ 72.279982050328172, 40.723976517405106 ], [ 72.280301494396056, 40.72366524833091 ], [ 72.280575303234926, 40.723405857604668 ], [ 72.280871928420652, 40.723181050273986 ], [ 72.281100103298144, 40.722921657660699 ], [ 72.281237006449928, 40.722783313623609 ], [ 72.281328276907971, 40.722610383653212 ], [ 72.281351094522492, 40.7224893327909 ], [ 72.281328276907971, 40.722385574596444 ], [ 72.281373910869348, 40.722229936521138 ], [ 72.281351094522492, 40.72212617792232 ], [ 72.281465181327405, 40.721970540201177 ], [ 72.281602084479189, 40.721918660239446 ], [ 72.281716172551754, 40.721901367230124 ], [ 72.281853075703538, 40.721832194187179 ], [ 72.281237006449928, 40.721313396475509 ], [ 72.280735024001217, 40.720846474597344 ], [ 72.280438398815505, 40.720587071925152 ], [ 72.279959233981302, 40.72015473285245 ], [ 72.279343164727706, 40.719566745708455 ], [ 72.279092173503344, 40.719307339009902 ], [ 72.278658642630546, 40.718857696864553 ], [ 72.278339199830299, 40.718529110927378 ], [ 72.277814399767095, 40.718027580530908 ], [ 72.277745946923559, 40.717958404423101 ], [ 72.277700312962182, 40.717923815381461 ], [ 72.277654677733139, 40.717889227282633 ], [ 72.277654677733139, 40.717871933226476 ], [ 72.277723130576689, 40.717837344139902 ], [ 72.277928486572009, 40.717716284597344 ], [ 72.27890963385488, 40.717076393139543 ], [ 72.279388798689084, 40.716799681440982 ], [ 72.279457251532619, 40.716782387101773 ], [ 72.279913598752287, 40.716522969553033 ], [ 72.280073320786229, 40.716436496491887 ], [ 72.280324312010578, 40.716661325640771 ], [ 72.280552485620404, 40.716522969553033 ], [ 72.280598120849433, 40.71650567418115 ], [ 72.281031650454608, 40.716799681440982 ], [ 72.281351094522492, 40.717076393139543 ], [ 72.281602084479189, 40.717301221088185 ], [ 72.281670537322725, 40.717370397878902 ], [ 72.281784624127653, 40.717474164851758 ], [ 72.281830259356667, 40.717474164851758 ], [ 72.281875893318045, 40.717491459011256 ], [ 72.281967163776102, 40.717474164851758 ], [ 72.282811406639553, 40.717283926879276 ], [ 72.283222119897843, 40.717197454806552 ], [ 72.283610014273975, 40.717145571124675 ], [ 72.283929458341859, 40.717076393139543 ], [ 72.284317353985642, 40.716972626507463 ], [ 72.28497905720063, 40.716782387101773 ], [ 72.28566357929779, 40.716609441541067 ], [ 72.285891752907631, 40.716557558361721 ], [ 72.285914570522138, 40.716609441541067 ], [ 72.285937388136645, 40.716609441541067 ], [ 72.286142744131965, 40.716540263959629 ], [ 72.286416552970834, 40.716471085345496 ], [ 72.286439370585342, 40.716471085345496 ], [ 72.286941353034038, 40.716350023318405 ], [ 72.287625873863547, 40.716107897642978 ], [ 72.288059404736345, 40.715848476505151 ], [ 72.288584204799562, 40.71550258104304 ], [ 72.288629838760954, 40.715485286366885 ], [ 72.288652656375447, 40.715467990725422 ], [ 72.289200274053186, 40.715312337436586 ], [ 72.289131821209651, 40.714810783766694 ], [ 72.288972099175695, 40.713721187542852 ], [ 72.288835196023911, 40.712596982638914 ], [ 72.28869829160449, 40.711957042937172 ], [ 72.288538569570548, 40.711351687637354 ], [ 72.288447300380128, 40.711074952145168 ], [ 72.288287578346186, 40.711144136366251 ], [ 72.28787686508791, 40.710573366554485 ], [ 72.287717144321604, 40.710313924812418 ], [ 72.287557422287662, 40.710037185007266 ], [ 72.287466153097256, 40.709760444051994 ], [ 72.287945317931431, 40.709708554574455 ], [ 72.287968134278316, 40.709708554574455 ], [ 72.287968134278316, 40.709587480250796 ], [ 72.287968134278316, 40.70948370194661 ], [ 72.287968134278316, 40.709362627214119 ], [ 72.287968134278316, 40.709172366063626 ], [ 72.287968134278316, 40.708307534927499 ], [ 72.287990951892809, 40.707598366167986 ], [ 72.28801376950733, 40.707010269086012 ], [ 72.28801376950733, 40.706889189856433 ], [ 72.287990951892809, 40.70666432674782 ], [ 72.287922500316924, 40.706491354904841 ], [ 72.287854047473388, 40.706370274731817 ], [ 72.287785595897489, 40.706197302125098 ], [ 72.28760305624904, 40.705816761193319 ], [ 72.287260795834285, 40.705194053684323 ], [ 72.287032622224444, 40.704727018751207 ], [ 72.286941353034038, 40.704450255728332 ], [ 72.286895717805024, 40.704363766987768 ], [ 72.286735995771068, 40.703844833146768 ], [ 72.28669036180969, 40.703758343620017 ], [ 72.286599091351647, 40.703446980970327 ], [ 72.286553457390269, 40.703170212628322 ], [ 72.286485004546734, 40.702841548307994 ], [ 72.286348100127285, 40.702478286261211 ], [ 72.286211196975515, 40.702132321343164 ], [ 72.286142744131965, 40.701786353667138 ], [ 72.286051474941559, 40.701665264940395 ], [ 72.285960205751167, 40.701440385155131 ], [ 72.285891752907631, 40.701267399744758 ], [ 72.285823301331732, 40.701094413885137 ], [ 72.285640761683268, 40.700834934253365 ], [ 72.285503857263848, 40.700558155057564 ], [ 72.285366952844399, 40.700281374711693 ], [ 72.2852528660395, 40.6999180996634 ], [ 72.285161596849093, 40.699727811530806 ], [ 72.285070327658687, 40.699537522854634 ], [ 72.285001874815137, 40.699329933801636 ], [ 72.284956240853759, 40.699243439373269 ], [ 72.284796518819832, 40.699070448257508 ], [ 72.284796518819832, 40.699053149313436 ], [ 72.284728065976282, 40.698897456692507 ], [ 72.284568345209991, 40.698759062732634 ], [ 72.284317353985642, 40.69843037760748 ], [ 72.284226083527585, 40.698361180178303 ], [ 72.284180449566207, 40.698309282780052 ], [ 72.284043545146787, 40.698118990051732 ], [ 72.283997909917744, 40.698015193876373 ], [ 72.283975092303251, 40.697980594474593 ], [ 72.283929458341859, 40.697876798083598 ], [ 72.283929458341859, 40.697807601040459 ], [ 72.283929458341859, 40.697790300807377 ], [ 72.283929458341859, 40.697669204816421 ], [ 72.283861005498323, 40.697582707270655 ], [ 72.283655649503004, 40.697305914561731 ], [ 72.283610014273975, 40.697254016341383 ], [ 72.283518745083569, 40.697115618967288 ], [ 72.283518745083569, 40.697098319515582 ], [ 72.283427475893163, 40.696925322829273 ], [ 72.283404658278641, 40.696873424312436 ], [ 72.283336206702756, 40.69671772659715 ], [ 72.283267753859221, 40.696492830109186 ], [ 72.283222119897843, 40.696371730798667 ], [ 72.283199302283322, 40.696302532192206 ], [ 72.283176484668815, 40.696267931900927 ], [ 72.283153667054307, 40.696198733186662 ], [ 72.283153667054307, 40.696181432535766 ], [ 72.283153667054307, 40.696146833142699 ], [ 72.283176484668815, 40.696060333620302 ], [ 72.283130849439786, 40.695852734692785 ], [ 72.28283422425406, 40.695108832422754 ], [ 72.282879858215452, 40.694953131544622 ], [ 72.282948311058973, 40.694814729390686 ], [ 72.283130849439786, 40.694659027825239 ], [ 72.283290571473728, 40.694555225297968 ], [ 72.283883823112831, 40.694901230530306 ], [ 72.284248901142107, 40.695126132391074 ], [ 72.284317353985642, 40.694953131544622 ], [ 72.284408623176049, 40.694762829229674 ], [ 72.284659614400383, 40.69422651943173 ], [ 72.284705249629425, 40.69414001741611 ], [ 72.284750883590803, 40.694036215041343 ], [ 72.284819336434339, 40.693897811943792 ], [ 72.284842154048846, 40.693863210403642 ], [ 72.284864970395716, 40.693621003925053 ], [ 72.284819336434339, 40.693482599003865 ], [ 72.284705249629425, 40.693326894325267 ], [ 72.284705249629425, 40.693257691595143 ], [ 72.284682432014904, 40.693257691595143 ], [ 72.28477370120531, 40.693032783427228 ], [ 72.284910605624745, 40.69273867026979 ], [ 72.284956240853759, 40.692634865711781 ], [ 72.285001874815137, 40.692548361629719 ], [ 72.285070327658687, 40.692358052446096 ], [ 72.285093145273208, 40.692219645862565 ], [ 72.285115961620065, 40.692185044412049 ], [ 72.285161596849093, 40.692046636507989 ], [ 72.285275683654007, 40.691666014731133 ], [ 72.285298501268528, 40.691562208502013 ], [ 72.285321318883021, 40.691441101190513 ], [ 72.285481039649326, 40.691043174930662 ], [ 72.285526674878355, 40.690956668782171 ], [ 72.285595127721891, 40.690870162521378 ], [ 72.287739960668461, 40.691371896501764 ], [ 72.287831231126532, 40.69133729461101 ], [ 72.288356029922085, 40.691441101190513 ], [ 72.288470116726998, 40.690800957239652 ], [ 72.288538569570548, 40.690576040779106 ], [ 72.288743925565868, 40.689676365422791 ], [ 72.288789560794882, 40.689503350425866 ], [ 72.288743925565868, 40.6894860480364 ], [ 72.288652656375447, 40.689416842278355 ], [ 72.288766743180375, 40.689036205479603 ], [ 72.288858012370781, 40.688776678880821 ], [ 72.288880829985288, 40.688690169789957 ], [ 72.289223090400057, 40.688620962244173 ], [ 72.289542534467927, 40.688499849586982 ], [ 72.289656621272854, 40.688205717382452 ], [ 72.289679438887362, 40.687530938482986 ], [ 72.289633803658333, 40.687081081767083 ], [ 72.289565352082448, 40.686873454862067 ], [ 72.289154638824158, 40.686717733778202 ], [ 72.289017734404723, 40.686648525145223 ], [ 72.288949282828824, 40.686562013291699 ], [ 72.288949282828824, 40.68645819911147 ], [ 72.288994916790216, 40.686371687010883 ], [ 72.289131821209651, 40.686025637485493 ], [ 72.289268725629071, 40.686042939812182 ], [ 72.289519716853434, 40.685679587124504 ], [ 72.289610986043826, 40.68555846816048 ], [ 72.290455230174928, 40.684416485126789 ], [ 72.290569316979841, 40.684226152718786 ], [ 72.290706221399262, 40.683932001651975 ], [ 72.290751855360639, 40.683810880473324 ], [ 72.290843124551046, 40.683464817651419 ], [ 72.291002846584988, 40.683153360152211 ], [ 72.291299473038379, 40.682668867495707 ], [ 72.291436377457799, 40.682392012830618 ], [ 72.291527646648206, 40.682253585547478 ], [ 72.291778637872554, 40.682045942641814 ], [ 72.291869907062974, 40.681976729157476 ], [ 72.291983993867873, 40.681820996632332 ], [ 72.292120898287308, 40.681717175067206 ], [ 72.292303437935772, 40.681630656812516 ], [ 72.292440342355192, 40.681509531451809 ], [ 72.292600063121498, 40.681440316449155 ], [ 72.292668515965033, 40.68138840587099 ], [ 72.292782602769947, 40.681180760270124 ], [ 72.292987958765281, 40.680973114983708 ], [ 72.293216132375107, 40.680765469050456 ], [ 72.293467123599456, 40.68060973369537 ], [ 72.293489941213963, 40.68060973369537 ], [ 72.293489941213963, 40.680592429958189 ], [ 72.293444307252585, 40.680575126216517 ], [ 72.293375854409049, 40.680505910243603 ], [ 72.293284585218657, 40.680436695160139 ], [ 72.293079229223324, 40.680298262854961 ], [ 72.292965141150759, 40.680229046594555 ], [ 72.292896689574874, 40.680177135073087 ], [ 72.29269133357954, 40.680021398343463 ], [ 72.292326255550279, 40.679796445501722 ], [ 72.292006811482395, 40.679606099900752 ], [ 72.291504829033684, 40.679311928444839 ], [ 72.291436377457799, 40.679277319330872 ], [ 72.291367924614264, 40.679242711160278 ], [ 72.29125383780935, 40.679156189693828 ], [ 72.291231020194829, 40.67912158146035 ], [ 72.291276655423857, 40.679069668115091 ], [ 72.291938359906496, 40.678515928697855 ], [ 72.292531611545613, 40.677996792554936 ], [ 72.292828237998975, 40.677754528407156 ], [ 72.293558394057513, 40.677045033421159 ], [ 72.293809385281847, 40.676906595033998 ], [ 72.294014741277181, 40.676854679963846 ], [ 72.29428855011605, 40.676958509102356 ], [ 72.29440263692095, 40.677079642732679 ], [ 72.294471088496849, 40.677166166894253 ], [ 72.294585175301776, 40.677252690943547 ], [ 72.294722079721197, 40.677269995547654 ], [ 72.294881801755153, 40.677304605703753 ], [ 72.295087157750473, 40.6773738250007 ], [ 72.295452237047371, 40.677460347819107 ], [ 72.295748862233111, 40.677546871486584 ], [ 72.296387749101228, 40.677737222967465 ], [ 72.296433384330257, 40.677737222967465 ], [ 72.296570288749692, 40.677771832881007 ], [ 72.296707191901476, 40.677858356144206 ], [ 72.296798462359533, 40.677944879295111 ], [ 72.296798462359533, 40.677979488139485 ], [ 72.29684409632091, 40.678031401372365 ], [ 72.29684409632091, 40.678187142751142 ], [ 72.296798462359533, 40.678273665475309 ], [ 72.296798462359533, 40.678290969814405 ], [ 72.29675282713049, 40.678498623455809 ], [ 72.296661557940098, 40.67884471206164 ], [ 72.296593105096548, 40.679035059836693 ], [ 72.296570288749692, 40.679069668115091 ], [ 72.296524653520663, 40.679156189693828 ], [ 72.296501835906156, 40.679208102971714 ], [ 72.296501835906156, 40.679311928444839 ], [ 72.296501835906156, 40.679363840640093 ], [ 72.296524653520663, 40.679433057798882 ], [ 72.29675282713049, 40.67965801186692 ], [ 72.297003818354852, 40.679917573975359 ], [ 72.297231991964694, 40.680056007071116 ], [ 72.297505800803549, 40.680211742758573 ], [ 72.297756792027897, 40.68036747904349 ], [ 72.298030600866753, 40.680557822470355 ], [ 72.298099052442652, 40.68060973369537 ], [ 72.298167505286187, 40.680661645841262 ], [ 72.298213139247565, 40.680730861652464 ], [ 72.298372861281521, 40.680886595763241 ], [ 72.298692305349391, 40.681111545887397 ], [ 72.299057383378653, 40.681336494291088 ], [ 72.299468095369306, 40.681665263743341 ], [ 72.299673452632277, 40.681820996632332 ], [ 72.299855991013089, 40.682011335908626 ], [ 72.299901626242118, 40.682097853669198 ], [ 72.30006134827606, 40.682357406277106 ], [ 72.300129799851945, 40.682634261085944 ], [ 72.300175435080973, 40.682686170693849 ], [ 72.300289521885901, 40.682824598039865 ], [ 72.300768686720076, 40.683153360152211 ], [ 72.301156582363845, 40.683430211654915 ], [ 72.301635747198034, 40.683707062007677 ], [ 72.302046460456339, 40.683932001651975 ], [ 72.302228998837137, 40.684191547117578 ], [ 72.302434356100107, 40.6845203024874 ], [ 72.302753798900355, 40.6848317545602 ], [ 72.303118876929616, 40.685125901656029 ], [ 72.303620859378313, 40.685385441511109 ], [ 72.304008755022096, 40.685575770608459 ], [ 72.304556372699807, 40.685852612048983 ], [ 72.305126806724402, 40.686060243095625 ], [ 72.305469067139157, 40.686146754639275 ], [ 72.30565160678762, 40.686285174797987 ], [ 72.306153589236317, 40.686648525145223 ], [ 72.306427398075172, 40.686856152750998 ], [ 72.306541484880086, 40.686942664222698 ], [ 72.307157554133695, 40.687254104014201 ], [ 72.307271640938623, 40.687306010985225 ], [ 72.307522632162971, 40.687461729733293 ], [ 72.307545449777479, 40.687479031687147 ], [ 72.307796441001841, 40.687617449078715 ], [ 72.307910527806754, 40.687703959562143 ], [ 72.30818433664561, 40.687876980192101 ], [ 72.308252788221495, 40.687911583879696 ], [ 72.308549414674872, 40.688067302173955 ], [ 72.309028579509061, 40.688274925359487 ], [ 72.309142666313988, 40.688309528840456 ], [ 72.309827187143483, 40.688586358924908 ], [ 72.310374804821222, 40.688828583704719 ], [ 72.310945238845804, 40.689122714121247 ], [ 72.311127778494267, 40.689416842278355 ], [ 72.311104960879746, 40.689883984556261 ], [ 72.311150596108774, 40.69031652017739 ], [ 72.311287500528195, 40.690576040779106 ], [ 72.3114472212945, 40.690852861447979 ], [ 72.311812299323762, 40.691146981968366 ], [ 72.312519639035429, 40.691579509391239 ], [ 72.313614873123214, 40.692150441982413 ], [ 72.314345029181752, 40.692461858396499 ], [ 72.3145960204061, 40.692600264476894 ], [ 72.314915464473998, 40.693032783427228 ], [ 72.31530335885013, 40.693378795604865 ], [ 72.315645620532521, 40.693621003925053 ], [ 72.316238872171624, 40.69391511222657 ], [ 72.31680930619622, 40.69419191902341 ], [ 72.316900576654277, 40.694278420971649 ], [ 72.317060297420554, 40.6945033249348 ], [ 72.317448193064337, 40.694883930503593 ], [ 72.317607915098293, 40.694953131544622 ], [ 72.317653550327321, 40.694970431553372 ], [ 72.317676366674178, 40.694987731557624 ], [ 72.31852061080528, 40.69543753489706 ], [ 72.319250766863817, 40.695852734692785 ], [ 72.319752749312499, 40.696146833142699 ], [ 72.320505722985558, 40.696544728922525 ], [ 72.321213061429589, 40.696769626196371 ], [ 72.321600957073358, 40.696838824317659 ], [ 72.321829130683184, 40.696873424312436 ], [ 72.321897583526734, 40.696908023328149 ], [ 72.322331113131895, 40.697063720598692 ], [ 72.32297, 40.697305914561731 ], [ 72.32342634721968, 40.697530809265935 ], [ 72.32370015605855, 40.697651905508472 ], [ 72.32390551332152, 40.697859498829544 ], [ 72.32452158257513, 40.698309282780052 ], [ 72.324635669380044, 40.698395779382402 ], [ 72.324932294565784, 40.698603370385428 ], [ 72.325251738633668, 40.698862858710029 ], [ 72.325274556248189, 40.698880157703506 ], [ 72.325616816662929, 40.699053149313436 ], [ 72.325936259463163, 40.699347233634882 ], [ 72.326301337492438, 40.699693213018548 ], [ 72.326712050750729, 40.699935398382863 ], [ 72.32707712877999, 40.700194881518726 ], [ 72.327510659652802, 40.70050625937089 ], [ 72.327898555296585, 40.700800337277173 ], [ 72.328240815711325, 40.701129010708591 ], [ 72.328719980545515, 40.701509578424684 ], [ 72.329176327765182, 40.701820951092216 ], [ 72.329336049799124, 40.701872845754615 ], [ 72.3297011278284, 40.701907442173749 ], [ 72.330066205857676, 40.701959337729782 ], [ 72.33031719708201, 40.701976635919131 ], [ 72.330910448721113, 40.702253409220845 ], [ 72.331343979593925, 40.702564777450199 ], [ 72.331731875237693, 40.702772356422109 ], [ 72.332119770881476, 40.702858846268242 ], [ 72.332553300486623, 40.702910741083002 ], [ 72.332918378515899, 40.702928039025267 ], [ 72.333648535842087, 40.703014529630224 ], [ 72.334036430218205, 40.703101020122872 ], [ 72.334127700676262, 40.702910741083002 ], [ 72.334150517023133, 40.702651268526857 ], [ 72.334127700676262, 40.702374496878377 ], [ 72.334218969866669, 40.702063127759516 ], [ 72.334264605095697, 40.701959337729782 ], [ 72.334333056671596, 40.701872845754615 ], [ 72.334378691900611, 40.701820951092216 ], [ 72.334492778705524, 40.701544175993519 ], [ 72.334538412666916, 40.701440385155131 ], [ 72.334698134700858, 40.701129010708591 ], [ 72.334720952315365, 40.701111712299102 ], [ 72.334971943539713, 40.700783038782326 ], [ 72.335017578768756, 40.700731142309841 ], [ 72.335017578768756, 40.70069654527974 ], [ 72.335131665573655, 40.700385168317062 ], [ 72.335177299535033, 40.70024677744798 ], [ 72.335291386339946, 40.699883501249971 ], [ 72.335382656798018, 40.699208840609423 ], [ 72.335382656798018, 40.699191541701289 ], [ 72.335314203954468, 40.69841307849719 ], [ 72.335359839183496, 40.698118990051732 ], [ 72.335382656798018, 40.697824900307985 ], [ 72.335382656798018, 40.697392412466876 ], [ 72.335382656798018, 40.696804225265993 ], [ 72.335451108373903, 40.696146833142699 ], [ 72.335496743602931, 40.69573163517984 ], [ 72.335519561217424, 40.694987731557624 ], [ 72.335519561217424, 40.694832029435375 ], [ 72.335519561217424, 40.6947455282059 ], [ 72.335428290759396, 40.694347621680478 ], [ 72.335428290759396, 40.694278420971649 ], [ 72.335451108373903, 40.694243819629158 ], [ 72.33547392598841, 40.69410541696287 ], [ 72.335428290759396, 40.693949712778647 ], [ 72.335451108373903, 40.693845910107392 ], [ 72.335451108373903, 40.693690205316706 ], [ 72.33547392598841, 40.693638304279709 ], [ 72.335519561217424, 40.693430697805141 ], [ 72.335496743602931, 40.693119285919245 ], [ 72.33547392598841, 40.692790572968725 ], [ 72.33547392598841, 40.692617565096583 ], [ 72.335359839183496, 40.692409955441519 ], [ 72.33526856999309, 40.692288849670838 ], [ 72.335428290759396, 40.692115840495958 ], [ 72.335428290759396, 40.691856325891337 ], [ 72.335428290759396, 40.691562208502013 ], [ 72.335405473144874, 40.69140649837454 ], [ 72.335359839183496, 40.690904764654711 ], [ 72.335291386339946, 40.69031652017739 ], [ 72.335382656798018, 40.690005094697852 ], [ 72.335519561217424, 40.689659064039425 ], [ 72.335588012793323, 40.6894860480364 ], [ 72.335610830407845, 40.689451445166355 ], [ 72.335930273208078, 40.688361434989424 ], [ 72.336112812856541, 40.688032697606005 ], [ 72.336226899661455, 40.687790469933269 ], [ 72.336272533622832, 40.68772126145312 ], [ 72.336363804080889, 40.687513636542604 ], [ 72.336409438042267, 40.687461729733293 ], [ 72.336569160076209, 40.687236802001948 ], [ 72.336979873334514, 40.686717733778202 ], [ 72.337048324910398, 40.686579315479136 ], [ 72.337344951363775, 40.686042939812182 ], [ 72.337618760202631, 40.685766099162265 ], [ 72.337869751426965, 40.685523863251035 ], [ 72.338440185451574, 40.684658726024161 ], [ 72.338577089870995, 40.684399182377838 ], [ 72.338759629519458, 40.684053122610536 ], [ 72.33885089870985, 40.684053122610536 ], [ 72.339193159124619, 40.684001214067223 ], [ 72.339672323958794, 40.684105032074676 ], [ 72.339968950412171, 40.684174244310242 ], [ 72.340014584373549, 40.684174244310242 ], [ 72.340790375661115, 40.68432997037587 ], [ 72.341087002114492, 40.684399182377838 ], [ 72.341429262529232, 40.684312667604466 ], [ 72.341680253753594, 40.684070426410592 ], [ 72.341862793402044, 40.683724364936296 ], [ 72.342159418587769, 40.683187966292458 ], [ 72.342273505392697, 40.682876507499536 ], [ 72.342319140621711, 40.682720778037954 ], [ 72.342501680270175, 40.682824598039865 ], [ 72.343026479065728, 40.683118753994002 ], [ 72.343414374709511, 40.683205270317124 ], [ 72.344943139670121, 40.683585940420244 ], [ 72.345536391309224, 40.683914698777258 ], [ 72.346198095791863, 40.684001214067223 ], [ 72.346266547367762, 40.683603243380318 ], [ 72.346471904630718, 40.683187966292458 ], [ 72.346540356206617, 40.683049540662388 ], [ 72.346768529816444, 40.682409316100625 ], [ 72.34724769591827, 40.681457619966231 ], [ 72.347430234299097, 40.681025026846605 ], [ 72.347749678366981, 40.680350175243426 ], [ 72.348091938781735, 40.67964070788269 ], [ 72.348274477162548, 40.67917349380383 ], [ 72.348479834425518, 40.678515928697855 ], [ 72.348502650772375, 40.677841050731466 ], [ 72.348616738844939, 40.677252690943547 ], [ 72.348685190420838, 40.676768155397994 ], [ 72.348958999259693, 40.676214395901937 ], [ 72.349278442059941, 40.675522190544278 ], [ 72.349666337703724, 40.674518480154106 ], [ 72.349985781771593, 40.673635893579508 ], [ 72.350328042186362, 40.672822520305544 ], [ 72.350464946605783, 40.672164891595024 ], [ 72.350442128991276, 40.671489950298543 ], [ 72.350442128991276, 40.670780389606584 ], [ 72.350419311376754, 40.670088126870752 ], [ 72.350396493762233, 40.669880447033172 ], [ 72.350350859800855, 40.66960353925645 ], [ 72.350328042186362, 40.669430471191887 ], [ 72.350282406957319, 40.669222789306097 ], [ 72.350328042186362, 40.668617046617896 ], [ 72.35051058056716, 40.667232470004166 ], [ 72.350533398181682, 40.666678632271164 ], [ 72.350601851025218, 40.666107481480459 ], [ 72.350624667372088, 40.665605556351366 ], [ 72.35069312021561, 40.665501709533409 ], [ 72.350738755444638, 40.665397862553768 ], [ 72.348434199196475, 40.664515156217419 ], [ 72.348228843201156, 40.664376691814311 ], [ 72.348069121167214, 40.664186302189691 ], [ 72.347932216747779, 40.664065144173563 ], [ 72.347681225523431, 40.663892061735787 ], [ 72.34754432110401, 40.663649746337562 ], [ 72.347316147494169, 40.66344204644939 ], [ 72.34713360784572, 40.663355504478162 ], [ 72.346996704693936, 40.663268962394653 ], [ 72.3469282518504, 40.663234345914432 ], [ 72.346905434235879, 40.663147803673709 ], [ 72.346859800274501, 40.663009335470385 ], [ 72.346905434235879, 40.662715090785802 ], [ 72.346905434235879, 40.66254200484461 ], [ 72.3469282518504, 40.662455461705591 ], [ 72.346951069464893, 40.66243815325663 ], [ 72.3469282518504, 40.662316993026543 ], [ 72.346951069464893, 40.662282376052261 ], [ 72.346973887079415, 40.662091980449404 ], [ 72.3469282518504, 40.662005436726474 ], [ 72.346905434235879, 40.66193620147498 ], [ 72.346836982659994, 40.661815040333117 ], [ 72.346814165045473, 40.661728496250873 ], [ 72.346768529816444, 40.66143424591597 ], [ 72.346814165045473, 40.661295774155342 ], [ 72.346722895855066, 40.66115730306884 ], [ 72.346700078240545, 40.660897667925099 ], [ 72.346677260626038, 40.660638031770759 ], [ 72.346768529816444, 40.660395704550886 ], [ 72.346745713469574, 40.660049520182142 ], [ 72.346768529816444, 40.659772571585926 ], [ 72.346700078240545, 40.659686024853706 ], [ 72.346563173821124, 40.659409075709981 ], [ 72.346540356206617, 40.659201361655192 ], [ 72.346517538592096, 40.658993647915253 ], [ 72.346335000211283, 40.658560909040034 ], [ 72.346061191372428, 40.658093547247908 ], [ 72.345878652991615, 40.657712731586173 ], [ 72.345308217699383, 40.657383843058902 ], [ 72.345102861704063, 40.657228054051018 ], [ 72.344829052865194, 40.657193433474134 ], [ 72.344532426411831, 40.657158813840944 ], [ 72.34400762761625, 40.657089573558984 ], [ 72.343733818777395, 40.657124194189777 ], [ 72.343551279128945, 40.657262673648297 ], [ 72.343437192324032, 40.657435773288455 ], [ 72.343345923133612, 40.657730041261296 ], [ 72.343231836328698, 40.65786851946222 ], [ 72.343231836328698, 40.65807623766711 ], [ 72.343209018714191, 40.658249334234668 ], [ 72.343049296680249, 40.658647457231986 ], [ 72.343049296680249, 40.65880324292521 ], [ 72.343049296680249, 40.658889790802746 ], [ 72.343049296680249, 40.658907100172456 ], [ 72.342912392260814, 40.658872481428546 ], [ 72.342866758299436, 40.658855172049861 ], [ 72.342843940684929, 40.65883786266668 ], [ 72.342821123070422, 40.65883786266668 ], [ 72.342410409812118, 40.658734004350002 ], [ 72.34195406259245, 40.658647457231986 ], [ 72.341497715372782, 40.65838781231929 ], [ 72.34044811524636, 40.658197405600049 ], [ 72.340311210826926, 40.657730041261296 ], [ 72.340219941636519, 40.657401153781024 ], [ 72.340060219602577, 40.65698571348215 ], [ 72.339923315183157, 40.656674132281502 ], [ 72.339786410763722, 40.656552961581859 ], [ 72.339695141573316, 40.656293308517277 ], [ 72.339489785577996, 40.655756689173771 ], [ 72.339284428315011, 40.65516813452151 ], [ 72.339352881158547, 40.655064271453419 ], [ 72.339512603192503, 40.654960408223644 ], [ 72.339695141573316, 40.654718059417583 ], [ 72.339832045992736, 40.654614195648847 ], [ 72.340128672446113, 40.65442377815927 ], [ 72.340379663670475, 40.654319913932426 ], [ 72.340676288856187, 40.654267982239212 ], [ 72.340790375661115, 40.654233360126256 ], [ 72.340836010890143, 40.654233360126256 ], [ 72.340927280080535, 40.654146806207798 ], [ 72.341109819728999, 40.653991009640997 ], [ 72.341315175724304, 40.653783279678208 ], [ 72.341771522943986, 40.653869834068246 ], [ 72.34209096701187, 40.653887144740445 ], [ 72.342615767075088, 40.65380059037286 ], [ 72.343140565870655, 40.653714035892989 ], [ 72.343688183548366, 40.653610170561272 ], [ 72.344121714421178, 40.653540926596392 ], [ 72.344327070416497, 40.653540926596392 ], [ 72.344441157221411, 40.653471682559669 ], [ 72.34457806164086, 40.653298573596004 ], [ 72.34471496606028, 40.653090840515681 ], [ 72.34519413089447, 40.653177395803986 ], [ 72.34533103531389, 40.653194706655832 ], [ 72.345376670542919, 40.653142774086817 ], [ 72.34560484415276, 40.652935041483154 ], [ 72.345673295728645, 40.652727308232734 ], [ 72.345696113343152, 40.652398395128785 ], [ 72.345559208923731, 40.652173349095271 ], [ 72.345536391309224, 40.652034858111435 ], [ 72.345285400084876, 40.651757876243174 ], [ 72.344760600021658, 40.651255844097143 ], [ 72.34457806164086, 40.65096154756845 ], [ 72.344486792450454, 40.650615314243872 ], [ 72.34450960879731, 40.650234456858335 ], [ 72.344486792450454, 40.649836283656882 ], [ 72.344532426411831, 40.649316925200189 ], [ 72.345513573694717, 40.649576605414687 ], [ 72.34635781782579, 40.649801660206109 ], [ 72.346220913406384, 40.649940154863167 ], [ 72.346220913406384, 40.649992090886563 ], [ 72.346198095791863, 40.650061338534293 ], [ 72.346175278177355, 40.650095961850326 ], [ 72.346289364982255, 40.650182521023574 ], [ 72.346814165045473, 40.650632626722171 ], [ 72.346973887079415, 40.650788431130721 ], [ 72.347407416684575, 40.651186597689005 ], [ 72.347772494713837, 40.651428959322239 ], [ 72.348023485938199, 40.651671320075181 ], [ 72.348388563967461, 40.652000235801431 ], [ 72.348616738844939, 40.652259905573764 ], [ 72.348799277225751, 40.65250226234685 ], [ 72.349209990484042, 40.652675374338216 ], [ 72.349415346479361, 40.65277924112511 ], [ 72.34946098170839, 40.65290041867852 ], [ 72.349392528864854, 40.653125463221507 ], [ 72.349301259674448, 40.653540926596392 ], [ 72.349301259674448, 40.653592859817216 ], [ 72.349278442059941, 40.653679414454288 ], [ 72.349255624445419, 40.653852522429865 ], [ 72.349255624445419, 40.653921766071349 ], [ 72.349689155318217, 40.654025630918007 ], [ 72.350077050962, 40.654216049543884 ], [ 72.35016832015242, 40.654250671665828 ], [ 72.350419311376754, 40.654371846546908 ], [ 72.35051058056716, 40.654406467626323 ], [ 72.35069312021561, 40.65459688516529 ], [ 72.350921293825465, 40.654769991722162 ], [ 72.350989746669001, 40.654821923986326 ], [ 72.35112664982077, 40.65490847606727 ], [ 72.35119510266432, 40.654960408223644 ], [ 72.351423276274147, 40.654718059417583 ], [ 72.351423276274147, 40.654527642224437 ], [ 72.351423276274147, 40.654302603372514 ], [ 72.351377641045119, 40.654025630918007 ], [ 72.351149467435292, 40.65380059037286 ], [ 72.350989746669001, 40.653454371779674 ], [ 72.350875658596436, 40.653125463221507 ], [ 72.350830024635059, 40.652831174938783 ], [ 72.350761571791509, 40.652467640279362 ], [ 72.350784389406016, 40.65215603797845 ], [ 72.350807207020537, 40.65198292463969 ], [ 72.350989746669001, 40.651861745420028 ], [ 72.351217920278842, 40.651775188425027 ], [ 72.35140045865964, 40.651827122058464 ], [ 72.351651449883988, 40.651930990165795 ], [ 72.35181117191793, 40.651948301341008 ], [ 72.351856807146959, 40.651948301341008 ], [ 72.351948076337365, 40.651844433260621 ], [ 72.352107798371293, 40.651792499640663 ], [ 72.352107798371293, 40.651775188425027 ], [ 72.352130614718178, 40.651792499640663 ], [ 72.352199067561713, 40.651809810851816 ], [ 72.352335971981134, 40.651896367801896 ], [ 72.352381605942526, 40.651913678986091 ], [ 72.352472876400569, 40.651930990165795 ], [ 72.352518510361961, 40.651930990165795 ], [ 72.352541327976454, 40.651827122058464 ], [ 72.352564145590975, 40.651723253789449 ], [ 72.352586963205496, 40.651636696614794 ], [ 72.352609780820003, 40.65158476283316 ], [ 72.352632597166874, 40.651532828049362 ], [ 72.352792319200816, 40.651498205478859 ], [ 72.353020492810643, 40.651428959322239 ], [ 72.353203032459106, 40.651342401765831 ], [ 72.353134579615556, 40.651273155447512 ], [ 72.353020492810643, 40.651082728422928 ], [ 72.352792319200816, 40.650857677952054 ], [ 72.352518510361961, 40.650580691197305 ], [ 72.352107798371293, 40.650303703292792 ], [ 72.351788354303409, 40.650165209390259 ], [ 72.351377641045119, 40.649922843166983 ], [ 72.350966929054479, 40.649663165261614 ], [ 72.350670302601102, 40.649507357263936 ], [ 72.350328042186362, 40.649316925200189 ], [ 72.349848877352173, 40.649091868773958 ], [ 72.349438164093868, 40.648797561739634 ], [ 72.349346894903476, 40.648728313742254 ], [ 72.349118721293635, 40.648537879455361 ], [ 72.348822094840259, 40.64833013251566 ], [ 72.348434199196475, 40.648070447450671 ], [ 72.348046303552692, 40.647931947951442 ], [ 72.347658407908924, 40.647776136873468 ], [ 72.347316147494169, 40.647637636763434 ], [ 72.347087973884328, 40.647533761973179 ], [ 72.346836982659994, 40.647395262321929 ], [ 72.346722895855066, 40.647326011907616 ], [ 72.346335000211283, 40.646979759719983 ], [ 72.345855835377108, 40.64652963034451 ], [ 72.34581020014808, 40.646460379031971 ], [ 72.345650478114138, 40.646235312972195 ], [ 72.345262582470355, 40.645837115909067 ], [ 72.344806235250687, 40.645404291699698 ], [ 72.344235801226091, 40.644832958752808 ], [ 72.344030443963135, 40.64457326007966 ], [ 72.343984810001743, 40.644504007698963 ], [ 72.343665365933859, 40.644278934079907 ], [ 72.343619731972467, 40.644244307745844 ], [ 72.343391557094989, 40.644123114473309 ], [ 72.343368740748133, 40.644105800306257 ], [ 72.343254653943205, 40.644053860663703 ], [ 72.342958027489829, 40.643880726306222 ], [ 72.342821123070422, 40.643707591499627 ], [ 72.342456045041146, 40.643517142886033 ], [ 72.34236477585074, 40.643465202785379 ], [ 72.34229632300719, 40.643413261682468 ], [ 72.342045331782856, 40.643222812229034 ], [ 72.34174870659713, 40.643015048744054 ], [ 72.341292358109811, 40.642703402303987 ], [ 72.340562202051274, 40.64233981247056 ], [ 72.340128672446113, 40.642132046237052 ], [ 72.339444150348967, 40.642080104096692 ], [ 72.33912470754872, 40.641941593127918 ], [ 72.338805263480836, 40.641647255523274 ], [ 72.338782445866329, 40.641595313005659 ], [ 72.33871399429043, 40.641456801030891 ], [ 72.338691176675908, 40.641093204407021 ], [ 72.338554272256488, 40.640729605802619 ], [ 72.338348916261168, 40.640383319392946 ], [ 72.337983838231892, 40.640140918606839 ], [ 72.337276498520225, 40.639725371804538 ], [ 72.337253682173369, 40.639656113432018 ], [ 72.337253682173369, 40.639621483737862 ], [ 72.337344951363775, 40.63910204578891 ], [ 72.337413402939674, 40.638565288193867 ], [ 72.337550307359095, 40.637786116946131 ], [ 72.337892567773849, 40.636729892363725 ], [ 72.338189194227212, 40.635396601297352 ], [ 72.338326098646647, 40.635067603739429 ], [ 72.338394550222546, 40.634946393805421 ], [ 72.339193159124619, 40.635084919288907 ], [ 72.339809228378229, 40.635188813453389 ], [ 72.340356846055954, 40.635275391960626 ], [ 72.340927280080535, 40.635379285828712 ], [ 72.341611802177695, 40.63543123318312 ], [ 72.342387592197611, 40.63544854863828 ], [ 72.343345923133612, 40.635483179535136 ], [ 72.344167348382555, 40.63546586408895 ], [ 72.344623696869874, 40.635483179535136 ], [ 72.345285400084876, 40.635483179535136 ], [ 72.346038373757906, 40.63546586408895 ], [ 72.347065156269821, 40.635500494976824 ], [ 72.348228843201156, 40.635483179535136 ], [ 72.349346894903476, 40.635517811375991 ], [ 72.350807207020537, 40.635483179535136 ], [ 72.351856807146959, 40.635344654877969 ], [ 72.352472876400569, 40.635223444484964 ], [ 72.352769501586295, 40.635223444484964 ], [ 72.353157397230078, 40.635188813453389 ], [ 72.353568110488382, 40.63510223483388 ], [ 72.354503622542211, 40.634773235825421 ], [ 72.355279413829777, 40.634409602798016 ], [ 72.356009569888329, 40.634115231982904 ], [ 72.35669409198546, 40.63382085986995 ], [ 72.357310161239084, 40.633682330801832 ], [ 72.357949048107216, 40.6335957502288 ], [ 72.358884560161059, 40.633474537622746 ], [ 72.359226821843464, 40.633422589707926 ], [ 72.359637533834118, 40.63323211175048 ], [ 72.3601395162828, 40.633110897522272 ], [ 72.360709951575046, 40.633076265394934 ], [ 72.360892489955859, 40.633093581460848 ], [ 72.361211934023743, 40.633110897522272 ], [ 72.361599829667526, 40.633162846641589 ], [ 72.361645463628903, 40.633041633249647 ], [ 72.361440107633584, 40.632747256403356 ], [ 72.361303203214149, 40.632677990791485 ], [ 72.360983759146265, 40.632522143142594 ], [ 72.360960942799395, 40.632522143142594 ], [ 72.360915307570366, 40.632487510709886 ], [ 72.360960942799395, 40.632297030084899 ], [ 72.360983759146265, 40.632158497855229 ], [ 72.360983759146265, 40.632141181546814 ], [ 72.361006576760786, 40.632106548916518 ], [ 72.361006576760786, 40.632071915306241 ], [ 72.360983759146265, 40.63201996630017 ], [ 72.360983759146265, 40.631985333606998 ], [ 72.360983759146265, 40.631968016291665 ], [ 72.361029394375279, 40.63186411711542 ], [ 72.361075029604308, 40.631794851549444 ], [ 72.361143481180207, 40.631656318277919 ], [ 72.361508559209469, 40.630894383033095 ], [ 72.361896454853238, 40.630115122260335 ], [ 72.362261532882513, 40.629439755503945 ], [ 72.362444072530963, 40.628937555480228 ], [ 72.361531376823976, 40.628331446044832 ], [ 72.35972880429216, 40.627171165413543 ], [ 72.359705986677653, 40.626928716656465 ], [ 72.359660351448625, 40.626946034316582 ], [ 72.35952344702919, 40.626980669623336 ], [ 72.359432177838784, 40.626963351972208 ], [ 72.359386542609769, 40.626894080360692 ], [ 72.359295273419363, 40.626876762687111 ], [ 72.359249638190335, 40.626911398029783 ], [ 72.35897583061913, 40.626963351972208 ], [ 72.358724839394768, 40.626997987269966 ], [ 72.358587934975347, 40.627049941145032 ], [ 72.358359761365506, 40.626980669623336 ], [ 72.358177221717042, 40.626842127326476 ], [ 72.3580174996831, 40.62658235866288 ], [ 72.357949048107216, 40.62658235866288 ], [ 72.35788059526368, 40.626530404424074 ], [ 72.357652421653839, 40.626357225581046 ], [ 72.357515517234404, 40.626287953340842 ], [ 72.357241708395534, 40.626184045326866 ], [ 72.357013534785708, 40.626062819266579 ], [ 72.356922265595301, 40.625993546721006 ], [ 72.356785361175881, 40.625855001414315 ], [ 72.35655718756604, 40.625699138803384 ], [ 72.356511552337011, 40.6256125478792 ], [ 72.35637464791759, 40.625577911862933 ], [ 72.356237744765806, 40.625474001782145 ], [ 72.355735762317096, 40.6252661830598 ], [ 72.355621674244546, 40.625196910650068 ], [ 72.355553222668647, 40.625006409228583 ], [ 72.355393500634705, 40.624885180068645 ], [ 72.35525659621527, 40.624885180068645 ], [ 72.355142509410356, 40.624729315194443 ], [ 72.354937153415037, 40.624538812439248 ], [ 72.354731797419703, 40.62455613071905 ], [ 72.354457988580833, 40.624590767265211 ], [ 72.354366719390441, 40.624504174904025 ], [ 72.354275448932398, 40.624504174904025 ], [ 72.353956006132151, 40.624417582430567 ], [ 72.353659379678788, 40.624348309140679 ], [ 72.353545292873861, 40.624313671506663 ], [ 72.353454023683454, 40.624192442051474 ], [ 72.353248666420484, 40.624175123677361 ], [ 72.353020492810643, 40.624019256183999 ], [ 72.352472876400569, 40.623846069867461 ], [ 72.35222188517622, 40.623846069867461 ], [ 72.351605815922611, 40.623828751403536 ], [ 72.351058198244871, 40.623742158054419 ], [ 72.350579033410696, 40.623638246079715 ], [ 72.350282406957319, 40.623465058775245 ], [ 72.350122686191028, 40.623413103073631 ], [ 72.349826059737651, 40.623413103073631 ], [ 72.349575068513303, 40.623447740212526 ], [ 72.349301259674448, 40.623517015398598 ], [ 72.349073086064607, 40.623586290512812 ], [ 72.348913364030665, 40.62355165248362 ], [ 72.348662372806317, 40.623413103073631 ], [ 72.348320112391562, 40.62322259656429 ], [ 72.348069121167214, 40.623084045509586 ], [ 72.347726860752459, 40.622962813822575 ], [ 72.34745305191359, 40.622928176432211 ], [ 72.347293329879662, 40.622962813822575 ], [ 72.346905434235879, 40.623101365128754 ], [ 72.346517538592096, 40.623326509185638 ], [ 72.346084008986935, 40.623291871983866 ], [ 72.345582026538239, 40.62349969684935 ], [ 72.345467939733339, 40.623482378295613 ], [ 72.344829052865194, 40.62339578449744 ], [ 72.343505645167568, 40.623517015398598 ], [ 72.343300287904597, 40.62349969684935 ], [ 72.34229632300719, 40.623482378295613 ], [ 72.341611802177695, 40.623326509185638 ], [ 72.340995732924071, 40.62318795930863 ], [ 72.340402480017332, 40.623136002429312 ], [ 72.339877681221765, 40.622980132511032 ], [ 72.339215976739126, 40.622789624766781 ], [ 72.338212011841733, 40.622599116479179 ], [ 72.337185229329833, 40.622252736994646 ], [ 72.337048324910398, 40.622252736994646 ], [ 72.336614795305238, 40.622252736994646 ], [ 72.336158446817919, 40.622183460497332 ], [ 72.335907455593571, 40.622062227175761 ], [ 72.335359839183496, 40.621889035784875 ], [ 72.334173334637654, 40.621577290726954 ], [ 72.332598935715666, 40.621092350757557 ], [ 72.332051318037941, 40.620849878971569 ], [ 72.331184257559968, 40.620503489453981 ], [ 72.330362832311039, 40.620174418518282 ], [ 72.329723945442908, 40.619949263836794 ], [ 72.329358867413646, 40.619706787901556 ], [ 72.328742798160022, 40.619360392456485 ], [ 72.328377720130774, 40.619152554712166 ], [ 72.327989824486991, 40.618979356739409 ], [ 72.327693198033614, 40.618840796883241 ], [ 72.327145581623526, 40.61868491694208 ], [ 72.32673486836525, 40.618563677270949 ], [ 72.326346972721467, 40.618494396947696 ], [ 72.325708085853336, 40.618251916693858 ], [ 72.324590034151029, 40.617853553678849 ], [ 72.323951147282898, 40.617645711246475 ], [ 72.323335078029288, 40.617489828516746 ], [ 72.323015635229041, 40.617368586676719 ], [ 72.322536470394866, 40.617212703300353 ], [ 72.321783496721807, 40.616987538636572 ], [ 72.321121792239168, 40.616745051951142 ], [ 72.32046008775653, 40.616467923645345 ], [ 72.319958105307833, 40.616294717750179 ], [ 72.318976958024948, 40.615965626082058 ], [ 72.318360888771338, 40.615809739432173 ], [ 72.317699184288699, 40.615515286627314 ], [ 72.31687775903977, 40.615186191119911 ], [ 72.31571407210842, 40.614787809824421 ], [ 72.314732924825535, 40.614493352515709 ], [ 72.313934315923461, 40.61426817772476 ], [ 72.313044439098633, 40.614164251012326 ], [ 72.3124740038064, 40.61407764513477 ], [ 72.311926387396312, 40.614060324138229 ], [ 72.311355952104094, 40.614112288076626 ], [ 72.310694247621456, 40.614198892947009 ], [ 72.309872822372512, 40.614233535826003 ], [ 72.309348022309294, 40.61425085677763 ], [ 72.308731953055698, 40.614216214869892 ], [ 72.308001796997161, 40.614198892947009 ], [ 72.307340092514522, 40.614198892947009 ], [ 72.306541484880086, 40.614198892947009 ], [ 72.305834145168419, 40.614216214869892 ], [ 72.305263711143837, 40.614198892947009 ], [ 72.304716093466112, 40.614181571981916 ], [ 72.304191294670545, 40.614146930038245 ], [ 72.303780581412255, 40.61407764513477 ], [ 72.303369868153965, 40.614008361121705 ], [ 72.302730981285833, 40.613904433042862 ], [ 72.30234308564205, 40.613852469905098 ], [ 72.302023642841817, 40.613765863623399 ], [ 72.301795469231976, 40.613731221464214 ], [ 72.301361938359179, 40.613713899415593 ], [ 72.300996860329917, 40.61367925722945 ], [ 72.300449242652192, 40.613644615025351 ], [ 72.299924443856639, 40.613575329600984 ], [ 72.299764721822683, 40.613575329600984 ], [ 72.298943296573754, 40.613506044104781 ], [ 72.298327226052493, 40.613454080657171 ], [ 72.298053418481274, 40.613419437374034 ], [ 72.298007783252245, 40.613419437374034 ], [ 72.297711156798883, 40.613350152678464 ], [ 72.297619887608477, 40.613315509341447 ], [ 72.297505800803549, 40.61326354574566 ], [ 72.297254809579201, 40.613142295273782 ], [ 72.297003818354852, 40.612969081719378 ], [ 72.296798462359533, 40.612813188077979 ], [ 72.296684375554605, 40.612657294072868 ], [ 72.296364931486721, 40.61243211405651 ], [ 72.295748862233111, 40.612224254758274 ], [ 72.295315332627951, 40.611999072320266 ], [ 72.29483616652611, 40.611773890085679 ], [ 72.294471088496849, 40.611704602721495 ], [ 72.294128828082094, 40.611704602721495 ], [ 72.29378656766734, 40.611808533259691 ], [ 72.293330220447672, 40.611947107700708 ], [ 72.292987958765281, 40.612103003362748 ], [ 72.29248597631657, 40.612397471205803 ], [ 72.292098080672787, 40.612657294072868 ], [ 72.291664551067626, 40.612951759473184 ], [ 72.291436377457799, 40.613090331543305 ], [ 72.291116933389915, 40.613246224538095 ], [ 72.290797490589668, 40.613419437374034 ], [ 72.290523681750813, 40.613523365244987 ], [ 72.289976064073102, 40.613748542546041 ], [ 72.289747890463246, 40.613783184696267 ], [ 72.289268725629071, 40.613869790955512 ], [ 72.288447300380128, 40.613991039144949 ], [ 72.287739960668461, 40.6140949661268 ], [ 72.287169526643893, 40.614198892947009 ], [ 72.286872900190517, 40.614146930038245 ], [ 72.286667544195183, 40.614112288076626 ], [ 72.286325283780428, 40.614181571981916 ], [ 72.285709214526804, 40.614458709771426 ], [ 72.284408623176049, 40.614891735566943 ], [ 72.283701284732032, 40.615116907294109 ], [ 72.283176484668815, 40.61523815322041 ], [ 72.283153667054307, 40.615203511824568 ], [ 72.282469146224798, 40.614320141501501 ], [ 72.282446328610291, 40.613904433042862 ], [ 72.282446328610291, 40.613869790955512 ], [ 72.28242351099577, 40.61369657832477 ], [ 72.282377875766741, 40.613540687343004 ], [ 72.282149702156914, 40.613280866948742 ], [ 72.28208125058103, 40.613211581147191 ], [ 72.281921528547059, 40.613003724273732 ], [ 72.281624902093697, 40.612691937751151 ], [ 72.281351094522492, 40.612397471205803 ], [ 72.281031650454608, 40.612224254758274 ], [ 72.280575303234926, 40.611895142078424 ], [ 72.280392763586462, 40.611791211674934 ], [ 72.280027685557201, 40.611635316247764 ], [ 72.279753876718345, 40.611444776149938 ], [ 72.279411616303591, 40.611306200667165 ], [ 72.279092173503344, 40.610994406223696 ], [ 72.278955269083923, 40.610699932197498 ], [ 72.278704277859561, 40.610474745584909 ], [ 72.278453286635227, 40.610145624288172 ], [ 72.278247929372242, 40.609903113733438 ], [ 72.277928486572009, 40.609625957048699 ], [ 72.277426504123312, 40.609192897126796 ], [ 72.27712987766995, 40.60893305982659 ], [ 72.277038608479543, 40.608915737496453 ], [ 72.277015790865022, 40.608499996376793 ], [ 72.27655944364534, 40.607824411059944 ], [ 72.276331270035527, 40.607841733672963 ], [ 72.276125912772542, 40.607755119600618 ], [ 72.275441391943048, 40.607148818913494 ], [ 72.275030678684743, 40.606837005072208 ], [ 72.274665600655482, 40.606577158611969 ], [ 72.274597149079582, 40.606317311141424 ], [ 72.27450587862154, 40.605884230741168 ], [ 72.27443742704564, 40.605503117205579 ], [ 72.274414609431133, 40.605468469800321 ], [ 72.274619965426453, 40.605295235391836 ], [ 72.274619965426453, 40.605225942272646 ], [ 72.274597149079582, 40.605156648119213 ], [ 72.274551513850554, 40.605070030566992 ], [ 72.274460244660162, 40.604862148368611 ], [ 72.274277705011698, 40.604723559235545 ], [ 72.274163618206785, 40.604688912388582 ], [ 72.274026713787364, 40.604602294230197 ], [ 72.273981079825987, 40.604498352484427 ], [ 72.273958262211465, 40.60444638203213 ], [ 72.273912626982437, 40.604377087070468 ], [ 72.273844175406538, 40.604307792036963 ], [ 72.273821357792016, 40.604255821436489 ], [ 72.273798540177523, 40.604082583884917 ], [ 72.273775722563002, 40.603995964940758 ], [ 72.273707270987117, 40.603857374011632 ], [ 72.273638818143581, 40.603788079401724 ], [ 72.273501913724147, 40.603718783757564 ], [ 72.273342192957841, 40.603562868536123 ], [ 72.273250922499798, 40.603406953913421 ], [ 72.273114019348, 40.603181741763635 ], [ 72.27297711492858, 40.60302582625188 ], [ 72.272680488475203, 40.602921882054524 ], [ 72.27238386202184, 40.602800612817937 ], [ 72.2720872368361, 40.602765964974182 ], [ 72.271790610382723, 40.602679344323775 ], [ 72.271539619158375, 40.602558075609593 ], [ 72.271220176358142, 40.602384833657723 ], [ 72.270946367519286, 40.60221159125684 ], [ 72.270741011523953, 40.602124969888024 ], [ 72.270444385070576, 40.602055673482106 ], [ 72.270216211460735, 40.602038348406943 ], [ 72.269919585007372, 40.601847780945945 ], [ 72.269394784944168, 40.601813132608292 ], [ 72.268984072953529, 40.601726510723111 ], [ 72.268733081729167, 40.601553266616001 ], [ 72.267911655212586, 40.601380022059878 ], [ 72.2669305079297, 40.600998882840912 ], [ 72.2669305079297, 40.600912260863034 ], [ 72.2669305079297, 40.600894935491525 ], [ 72.266998960773236, 40.600842962237451 ], [ 72.267044594734628, 40.600790987980496 ], [ 72.267364038802512, 40.600531118976988 ], [ 72.267751933178644, 40.600219273299267 ], [ 72.268071377246528, 40.599976726724705 ], [ 72.268755898076037, 40.599508954745701 ], [ 72.268892802495458, 40.599370354513134 ], [ 72.268869986148601, 40.599335704891338 ], [ 72.269349150982777, 40.598971878928197 ], [ 72.269212246563356, 40.598815953596763 ], [ 72.2690525245294, 40.598573400968043 ], [ 72.268938437724501, 40.598365498564434 ], [ 72.26884716853408, 40.598140270391298 ], [ 72.268778715690544, 40.59800166732105 ], [ 72.268618994924253, 40.5977937631394 ], [ 72.268573359695225, 40.597603183577817 ], [ 72.268504906851675, 40.597377952836432 ], [ 72.26843645527579, 40.597239348185717 ], [ 72.268368003699905, 40.597031441633369 ], [ 72.268299550856369, 40.596875510813547 ], [ 72.268208281665963, 40.596736906083684 ], [ 72.268162646436934, 40.596598300103942 ], [ 72.268071377246528, 40.596442369236406 ], [ 72.268071377246528, 40.596425043668958 ], [ 72.267980108056122, 40.596251785822453 ], [ 72.267934472827093, 40.596130505447761 ], [ 72.26782038602218, 40.59597457252665 ], [ 72.267774750793151, 40.595905268782467 ], [ 72.267751933178644, 40.595783987779193 ], [ 72.267706299217267, 40.595680032320907 ], [ 72.267729116831774, 40.595593402488454 ], [ 72.267729116831774, 40.595437468314643 ], [ 72.267729116831774, 40.595316186462767 ], [ 72.267729116831774, 40.595177578500184 ], [ 72.267683481602745, 40.595090948016683 ], [ 72.267637846373717, 40.59491768671294 ], [ 72.267569394797832, 40.594796403918195 ], [ 72.267569394797832, 40.594623141851173 ], [ 72.267523759568803, 40.594519184587959 ], [ 72.267500941954296, 40.594380574010529 ], [ 72.267455307992918, 40.594259290241482 ], [ 72.267386855149383, 40.594086026782591 ], [ 72.267364038802512, 40.593982068684255 ], [ 72.267318403573483, 40.593895436651742 ], [ 72.267272768344455, 40.593808804506985 ], [ 72.267204316768556, 40.593704845977626 ], [ 72.26711304757815, 40.593635539880729 ], [ 72.267021777120107, 40.593566234674569 ], [ 72.266907690315193, 40.593514254760223 ], [ 72.266702334319859, 40.593496928433993 ], [ 72.26649697832454, 40.593462275768054 ], [ 72.266405707866497, 40.593462275768054 ], [ 72.266360073905119, 40.593462275768054 ], [ 72.266063447451742, 40.593496928433993 ], [ 72.265607100232074, 40.59344494846578 ], [ 72.265401742969104, 40.593410295772898 ], [ 72.265242022202798, 40.593358316699913 ], [ 72.265219204588291, 40.593271683859228 ], [ 72.265310473778698, 40.593237030113968 ], [ 72.265173569359263, 40.59301178466368 ], [ 72.265150751744756, 40.59294247784841 ], [ 72.265105117783378, 40.592821191470755 ], [ 72.265013847325321, 40.592665250831516 ], [ 72.26499103097845, 40.592578617092862 ], [ 72.264876944173537, 40.592474656650815 ], [ 72.264717222139595, 40.592318716165998 ], [ 72.264557500105653, 40.592145447678462 ], [ 72.264420595686218, 40.592024159855093 ], [ 72.264260873652276, 40.591902870849125 ], [ 72.264146786847348, 40.591764255810524 ], [ 72.264032700042435, 40.591608312706363 ], [ 72.263895795623014, 40.591435042378002 ], [ 72.263781708818087, 40.591296426369617 ], [ 72.26355353520826, 40.591071174382144 ], [ 72.263348179212926, 40.590863247686471 ], [ 72.263234092408027, 40.59067264836942 ], [ 72.263142821949955, 40.590499376579182 ], [ 72.263074370374071, 40.59032610337735 ], [ 72.262960283569157, 40.590083519947981 ], [ 72.262732109959316, 40.589736971902866 ], [ 72.262732109959316, 40.589667661693284 ], [ 72.26266365711578, 40.589563696725534 ], [ 72.262595205539895, 40.589477058968498 ], [ 72.26252675269636, 40.589390421099225 ], [ 72.262435483505939, 40.589251800852487 ], [ 72.262389848276911, 40.589078524418021 ], [ 72.262138857052577, 40.588957231031813 ], [ 72.262116040705692, 40.588818608924484 ], [ 72.262047587862156, 40.588783953834088 ], [ 72.261819414252329, 40.588645331367587 ], [ 72.26163687460388, 40.588558692420762 ], [ 72.261568423027981, 40.588489381952606 ], [ 72.261522787798953, 40.588454725728944 ], [ 72.261454336223053, 40.588350758875499 ], [ 72.261431518608546, 40.58829877586949 ], [ 72.261317431803633, 40.588160152397286 ], [ 72.261226162613227, 40.587917562073478 ], [ 72.261089258193792, 40.587744282181916 ], [ 72.260975171388878, 40.587536346104443 ], [ 72.260792631740415, 40.587207111857353 ], [ 72.260655727320994, 40.586981846095348 ], [ 72.260587275745095, 40.586843219893375 ], [ 72.260267831677211, 40.58608077353437 ], [ 72.26010811091092, 40.585716876404653 ], [ 72.26003965806737, 40.585456947846055 ], [ 72.259811484457543, 40.585023731336889 ], [ 72.259697397652616, 40.584781129636248 ], [ 72.25960612846221, 40.58450386878463 ], [ 72.259537675618674, 40.584295922632329 ], [ 72.259469224042789, 40.584105304597678 ], [ 72.259446406428268, 40.583949343633357 ], [ 72.259720215267137, 40.583654750457313 ], [ 72.259879937301079, 40.583481459521145 ], [ 72.26003965806737, 40.583325498064902 ], [ 72.260199380101312, 40.583048231179227 ], [ 72.260245015330355, 40.582840280501401 ], [ 72.26031346690624, 40.582684316587397 ], [ 72.260290649291719, 40.582459035592024 ], [ 72.260222197715834, 40.582320400015647 ], [ 72.260085293296399, 40.582303070789088 ], [ 72.259651762423601, 40.582493693959862 ], [ 72.259195415203934, 40.582753634034376 ], [ 72.258670615140716, 40.583030902141225 ], [ 72.258259903150076, 40.583342827026584 ], [ 72.257826372277279, 40.583706738035701 ], [ 72.25768946785783, 40.583880027425508 ], [ 72.257643832628816, 40.583914686019767 ], [ 72.257461294248003, 40.584122633357325 ], [ 72.257096216218727, 40.584486540123748 ], [ 72.256982129413814, 40.584573184345956 ], [ 72.256845224994393, 40.584677157071908 ], [ 72.256685502960437, 40.584763801047195 ], [ 72.25666268534593, 40.584763801047195 ], [ 72.256274789702161, 40.584902430596557 ], [ 72.255955346901914, 40.585023731336889 ], [ 72.255658720448537, 40.585145032819923 ], [ 72.255544633643623, 40.58524900465693 ], [ 72.255544633643623, 40.585283661579119 ], [ 72.255476182067738, 40.585387633200611 ], [ 72.255430546838696, 40.585578247580706 ], [ 72.255453364453217, 40.585838175667881 ], [ 72.255362095262811, 40.586011460498128 ], [ 72.255270824804754, 40.58608077353437 ], [ 72.255225190843376, 40.586132759227091 ], [ 72.254814477585086, 40.586358027849037 ], [ 72.254403764326796, 40.586600624792531 ], [ 72.253787695073171, 40.586947190053124 ], [ 72.253308530238982, 40.587224439813362 ], [ 72.253240078663097, 40.587293752555169 ], [ 72.253194443434083, 40.587363065225141 ], [ 72.252875000633836, 40.587519018229251 ], [ 72.252783730175793, 40.587588329703095 ], [ 72.252646825756344, 40.587640314223997 ], [ 72.252487104990053, 40.587640314223997 ], [ 72.252464287375545, 40.587640314223997 ], [ 72.252236113765704, 40.587622986375735 ], [ 72.252076391731777, 40.587605657560331 ], [ 72.251779765278386, 40.587553673975151 ], [ 72.251620044512094, 40.587536346104443 ], [ 72.251369053287746, 40.587501689386905 ], [ 72.251232148868311, 40.587484361502732 ], [ 72.250981157643963, 40.587432377823269 ], [ 72.250798617995514, 40.587363065225141 ], [ 72.250456357580759, 40.587207111857353 ], [ 72.250068461936976, 40.586981846095348 ], [ 72.249817470712628, 40.586860548906337 ], [ 72.249612114717308, 40.586669938180854 ], [ 72.249406757454338, 40.586548639463487 ], [ 72.249087314654091, 40.586323371483559 ], [ 72.248813505815235, 40.586150087461462 ], [ 72.248585332205394, 40.585942146427371 ], [ 72.24824307179064, 40.58568221874426 ], [ 72.247900811375885, 40.585439619432101 ], [ 72.24762700253703, 40.585266333120273 ], [ 72.247467280503088, 40.585231676189096 ], [ 72.247216289278725, 40.585023731336889 ], [ 72.247125020088333, 40.584989074280017 ], [ 72.247079384859319, 40.584971745744845 ], [ 72.246988115668913, 40.584919759149685 ], [ 72.246828393634956, 40.584885102038939 ], [ 72.246782758405928, 40.584833115376441 ], [ 72.246691489215536, 40.584746472453652 ], [ 72.246645855254144, 40.584694485683407 ], [ 72.246577402410608, 40.584573184345956 ], [ 72.246440497991173, 40.584486540123748 ], [ 72.246166689152318, 40.584347908749663 ], [ 72.24591569792797, 40.584295922632329 ], [ 72.245733159547157, 40.584365238409163 ], [ 72.245573437513201, 40.584382567101471 ], [ 72.245482168322809, 40.584417224472617 ], [ 72.245231177098461, 40.584347908749663 ], [ 72.245071455064519, 40.584243935511886 ], [ 72.244797646225649, 40.584139962112488 ], [ 72.24468355942075, 40.584035988551456 ], [ 72.244660741806229, 40.584018659769349 ], [ 72.244866099069185, 40.583845369776007 ], [ 72.245025821103155, 40.583724066898611 ], [ 72.245139907908055, 40.583620092691085 ], [ 72.245276812327489, 40.583446801665112 ], [ 72.245390899132417, 40.583360155983776 ], [ 72.245459350708302, 40.58329083916535 ], [ 72.245459350708302, 40.583204193281965 ], [ 72.245459350708302, 40.583082889241766 ], [ 72.245459350708302, 40.582944255921127 ], [ 72.245322446288867, 40.582909596824024 ], [ 72.245162724254925, 40.582874938671694 ], [ 72.244934550645084, 40.582857609588785 ], [ 72.244729194649778, 40.582874938671694 ], [ 72.244569472615822, 40.582892267750104 ], [ 72.244113125396154, 40.582874938671694 ], [ 72.243884951786313, 40.58282295044679 ], [ 72.243633960561965, 40.582753634034376 ], [ 72.243451420913516, 40.582666987455106 ], [ 72.243314516494081, 40.582597669918343 ], [ 72.243177612074646, 40.582424376243502 ], [ 72.243131978113269, 40.582303070789088 ], [ 72.243177612074646, 40.582060458257537 ], [ 72.243131978113269, 40.581852504508831 ], [ 72.243109160498747, 40.581627220711965 ], [ 72.243154795727776, 40.581436595071921 ], [ 72.243154795727776, 40.581193979397668 ], [ 72.243086342884254, 40.580986022955223 ], [ 72.243131978113269, 40.580847385288678 ], [ 72.243086342884254, 40.580604767477389 ], [ 72.243131978113269, 40.580466129020685 ], [ 72.243177612074646, 40.580223509826624 ], [ 72.243154795727776, 40.580102200380985 ], [ 72.242995073693848, 40.579894240544448 ], [ 72.242812534045385, 40.579478317969119 ], [ 72.242698447240471, 40.57916637506267 ], [ 72.242584360435544, 40.57899307249852 ], [ 72.24247027363063, 40.578750448924687 ], [ 72.242242100020789, 40.578594475474866 ], [ 72.242013926410962, 40.578473163075131 ], [ 72.2417629351866, 40.57842117142917 ], [ 72.241489126347744, 40.578351850455427 ], [ 72.24114686593299, 40.578351850455427 ], [ 72.24087305709412, 40.578369180705593 ], [ 72.240758970289207, 40.578230536652939 ], [ 72.240599248255265, 40.57800524065803 ], [ 72.240599248255265, 40.577901257561194 ], [ 72.240416708606816, 40.57765862906485 ], [ 72.240371074645438, 40.577416000651361 ], [ 72.240302621801902, 40.577242693552826 ], [ 72.240234170226003, 40.577104048128433 ], [ 72.240142901035597, 40.577017394231234 ], [ 72.239777823006321, 40.577000063630891 ], [ 72.239504014167466, 40.577000063630891 ], [ 72.23909330090919, 40.576982732063236 ], [ 72.238705405265407, 40.576861416740876 ], [ 72.237861162401941, 40.576566792349084 ], [ 72.237381997567766, 40.57644547627249 ], [ 72.236902832733591, 40.576358821522284 ], [ 72.236743110699635, 40.576306828233164 ], [ 72.236378032670373, 40.576289497448748 ], [ 72.235898867836184, 40.576220173303383 ], [ 72.23537406777298, 40.576116187432056 ], [ 72.234986172129211, 40.576046864069937 ], [ 72.234598276485428, 40.575890884316891 ], [ 72.234119111651239, 40.575769567014682 ], [ 72.233776851236485, 40.575734904200196 ], [ 72.233525860012136, 40.575717573267632 ], [ 72.233137964368353, 40.575769567014682 ], [ 72.23302387756344, 40.575838890664123 ], [ 72.232909790758526, 40.575942876966437 ], [ 72.232841337914977, 40.576064194917208 ], [ 72.232818520300469, 40.576237505068576 ], [ 72.232772886339077, 40.576393483050708 ], [ 72.232681615881049, 40.576532130910451 ], [ 72.232658799534164, 40.576688108205694 ], [ 72.232567529076121, 40.576792093188111 ], [ 72.232681615881049, 40.576844086100117 ], [ 72.232704433495542, 40.576844086100117 ], [ 72.232818520300469, 40.576948070840096 ], [ 72.233046695177947, 40.577034724827094 ], [ 72.233183598329745, 40.577173370395137 ], [ 72.233206415944238, 40.577329347158212 ], [ 72.233069511524818, 40.577416000651361 ], [ 72.232932607105383, 40.577329347158212 ], [ 72.232886973144005, 40.577329347158212 ], [ 72.232795703953599, 40.577329347158212 ], [ 72.232704433495542, 40.577346677673262 ], [ 72.232544712729265, 40.577312016638672 ], [ 72.232453442271193, 40.577346677673262 ], [ 72.232362173080801, 40.577416000651361 ], [ 72.232270903890395, 40.577450661632085 ], [ 72.232202451046859, 40.577485323557639 ], [ 72.232225268661367, 40.577606637748659 ], [ 72.232202451046859, 40.577675960457398 ], [ 72.232088364241932, 40.577710621303424 ], [ 72.231997095051526, 40.577779943904417 ], [ 72.231997095051526, 40.577831935085918 ], [ 72.231951459822511, 40.577901257561194 ], [ 72.231974277437018, 40.578057232627245 ], [ 72.23192864220799, 40.578178545781199 ], [ 72.231905825861134, 40.578247867897325 ], [ 72.231860190632105, 40.578317188978822 ], [ 72.231768921441699, 40.578334519237963 ], [ 72.231677650983642, 40.578282528447048 ], [ 72.231609199407757, 40.578195876076265 ], [ 72.231540747831872, 40.578109223593245 ], [ 72.231472294988322, 40.578022570997994 ], [ 72.23131257295438, 40.577918587928096 ], [ 72.231130034573567, 40.577814604696577 ], [ 72.23110721695906, 40.577745282131502 ], [ 72.230856225734712, 40.577675960457398 ], [ 72.230673687353899, 40.577589307300954 ], [ 72.230331425671494, 40.577485323557639 ], [ 72.230148887290682, 40.5774679921157 ], [ 72.230080434447146, 40.577450661632085 ], [ 72.230057616832639, 40.577329347158212 ], [ 72.230080434447146, 40.577260024090315 ], [ 72.229875078451826, 40.577086716587729 ], [ 72.229441547579015, 40.576722770526338 ], [ 72.229213373969188, 40.576532130910451 ], [ 72.228939565130332, 40.576306828233164 ], [ 72.228734209134998, 40.576116187432056 ], [ 72.228574487101071, 40.575925546087738 ], [ 72.228391948720244, 40.575734904200196 ], [ 72.228118139881389, 40.575440274847587 ], [ 72.228049688305504, 40.575284294643197 ], [ 72.227912783886055, 40.575128313112323 ], [ 72.227844331042519, 40.575006994427383 ], [ 72.227661792661721, 40.57490300667051 ], [ 72.227638975047199, 40.574781686614166 ], [ 72.227547705856793, 40.574695029709041 ], [ 72.227387983822851, 40.574608373654534 ], [ 72.227319530979315, 40.574521716524927 ], [ 72.227182627827531, 40.574469721808164 ], [ 72.227114174983996, 40.574400395777232 ], [ 72.226931636603169, 40.574383064498996 ], [ 72.22674909695472, 40.574348401929036 ], [ 72.226680645378835, 40.574313738378272 ], [ 72.226566557306271, 40.57424441314857 ], [ 72.2265437409594, 40.574192418216313 ], [ 72.226475288115864, 40.574157755547596 ], [ 72.226384018925458, 40.574105760547987 ], [ 72.226155845315631, 40.574036435102805 ], [ 72.225950488052661, 40.573984440008928 ], [ 72.225745132057341, 40.573915113475181 ], [ 72.22572231444282, 40.573897782071235 ], [ 72.2255169584475, 40.573828455447703 ], [ 72.225402871642586, 40.573759129715199 ], [ 72.225265967223137, 40.573707134405822 ], [ 72.225129062803717, 40.5736551400189 ], [ 72.224969340769775, 40.573585813143971 ], [ 72.224672715584035, 40.5735164861972 ], [ 72.224398906745179, 40.573447159178606 ], [ 72.224170733135352, 40.573360500545064 ], [ 72.223965375872382, 40.573291174327714 ], [ 72.223805655106077, 40.573204515492151 ], [ 72.223691567033512, 40.573152519751794 ], [ 72.223531846267221, 40.573083193318958 ], [ 72.223417759462308, 40.573013865851422 ], [ 72.223235219813844, 40.572927206656701 ], [ 72.223121133008931, 40.572875210700857 ], [ 72.222961410974975, 40.572823215667469 ], [ 72.222733237365162, 40.572736556225848 ], [ 72.222573515331206, 40.572701892802918 ], [ 72.222299707759987, 40.572632564940314 ], [ 72.221888994501697, 40.572424581884412 ], [ 72.221569550433813, 40.572199265375261 ], [ 72.221272925248073, 40.572043277615286 ], [ 72.221067569252767, 40.571852624665901 ], [ 72.220519951575042, 40.571540645240368 ], [ 72.220154873545781, 40.571315326717681 ], [ 72.219903882321418, 40.571263330472178 ], [ 72.219812613131012, 40.571297994640332 ], [ 72.219630073482563, 40.571280662558507 ], [ 72.219401899872736, 40.571194001119117 ], [ 72.219173726262895, 40.57109000743629 ], [ 72.218991186614431, 40.570951348299182 ], [ 72.218717377775576, 40.570778025418107 ], [ 72.218534839394763, 40.570587368863798 ], [ 72.218443570204357, 40.570448708685177 ], [ 72.218261030555894, 40.570431376383375 ], [ 72.21814694375098, 40.570414044077076 ], [ 72.218055674560574, 40.570414044077076 ], [ 72.217895952526632, 40.570258051192603 ], [ 72.217827499683096, 40.570206054125585 ], [ 72.217644961302298, 40.569894067023313 ], [ 72.217485239268342, 40.56992873286368 ], [ 72.217348334848921, 40.570032728351201 ], [ 72.217074526010052, 40.570119391294512 ], [ 72.216983256819645, 40.570154056055237 ], [ 72.217028892048674, 40.570240718841426 ], [ 72.217006074434153, 40.570310049182133 ], [ 72.216914805243746, 40.570362046168349 ], [ 72.216755083209819, 40.570396711766293 ], [ 72.216732265595297, 40.570414044077076 ], [ 72.216732265595297, 40.570448708685177 ], [ 72.216732265595297, 40.570535371089768 ], [ 72.216732265595297, 40.570552703364626 ], [ 72.216777900824326, 40.570639365634534 ], [ 72.216777900824326, 40.570708695562239 ], [ 72.21670944798079, 40.5707606922387 ], [ 72.21661817879037, 40.570778025418107 ], [ 72.216549727214485, 40.570778025418107 ], [ 72.216504091985456, 40.570778025418107 ], [ 72.216458456756442, 40.570743360017701 ], [ 72.216298735990136, 40.570847354239241 ], [ 72.216230283146587, 40.570899351770862 ], [ 72.216253100761108, 40.570951348299182 ], [ 72.216253100761108, 40.570968680466308 ], [ 72.216321553604658, 40.571055342197504 ], [ 72.216367187566036, 40.571211333223403 ], [ 72.216504091985456, 40.571384655945039 ], [ 72.216572544828992, 40.571557978217747 ], [ 72.216640996404891, 40.571696635134955 ], [ 72.216640996404891, 40.571783295923382 ], [ 72.216640996404891, 40.571835292727734 ], [ 72.216572544828992, 40.571939285252313 ], [ 72.216572544828992, 40.572008612870327 ], [ 72.216595361175877, 40.572043277615286 ], [ 72.21668663163392, 40.572095273254725 ], [ 72.21668663163392, 40.572181933526878 ], [ 72.216663814019412, 40.572233930021461 ], [ 72.21661817879037, 40.5722685936868 ], [ 72.216481274370963, 40.5722685936868 ], [ 72.216390005180557, 40.5722685936868 ], [ 72.216367187566036, 40.5722685936868 ], [ 72.216230283146587, 40.572199265375261 ], [ 72.216161831570716, 40.572147269816632 ], [ 72.216002109536774, 40.572043277615286 ], [ 72.215865205117339, 40.5719219523737 ], [ 72.215751118312426, 40.571817959822177 ], [ 72.215728300697904, 40.571731299078635 ], [ 72.215591396278469, 40.571644639185756 ], [ 72.21552294470257, 40.571627306230816 ], [ 72.215477309473556, 40.571696635134955 ], [ 72.215386040283164, 40.571852624665901 ], [ 72.215363222668643, 40.571939285252313 ], [ 72.215340405054135, 40.571956617163544 ], [ 72.215317588707265, 40.571973949070298 ], [ 72.215249135863715, 40.572025945726494 ], [ 72.215157866673309, 40.572077941379398 ], [ 72.215089413829773, 40.572129937954777 ], [ 72.215020962253888, 40.572181933526878 ], [ 72.21497532702486, 40.572285925512745 ], [ 72.214929693063482, 40.572337921926511 ], [ 72.214884057834453, 40.572337921926511 ], [ 72.214815606258554, 40.5722685936868 ], [ 72.214792788644047, 40.572181933526878 ], [ 72.214724335800511, 40.572095273254725 ], [ 72.214678701839134, 40.57206060949958 ], [ 72.214610248995598, 40.572043277615286 ], [ 72.214518979805192, 40.57206060949958 ], [ 72.214450528229293, 40.572095273254725 ], [ 72.214404893000278, 40.572129937954777 ], [ 72.214336440156728, 40.572129937954777 ], [ 72.214290806195351, 40.572095273254725 ], [ 72.214245170966336, 40.57206060949958 ], [ 72.214222353351815, 40.572043277615286 ], [ 72.214131084161409, 40.572025945726494 ], [ 72.213971362127467, 40.572095273254725 ], [ 72.213925728166089, 40.572129937954777 ], [ 72.213971362127467, 40.572216598182045 ], [ 72.213971362127467, 40.572233930021461 ], [ 72.214016997356495, 40.572320590114046 ], [ 72.214131084161409, 40.572372585537991 ], [ 72.214313623809872, 40.572476577227562 ], [ 72.214518979805192, 40.572649896671983 ], [ 72.214838422605439, 40.572805883980699 ], [ 72.215066597482917, 40.573013865851422 ], [ 72.215317588707265, 40.573135188150317 ], [ 72.215363222668643, 40.573169852311644 ], [ 72.215454491859049, 40.573100524933899 ], [ 72.215568579931613, 40.573135188150317 ], [ 72.215637031507498, 40.573308505888789 ], [ 72.215659849122019, 40.57339516458967 ], [ 72.215682666736541, 40.573429827653456 ], [ 72.215682666736541, 40.573533817699911 ], [ 72.215728300697904, 40.573620476108985 ], [ 72.215865205117339, 40.573759129715199 ], [ 72.215910840346353, 40.573793792590436 ], [ 72.216047744765802, 40.573915113475181 ], [ 72.216230283146587, 40.574088429193431 ], [ 72.216344369951514, 40.574192418216313 ], [ 72.216344369951514, 40.57420974954394 ], [ 72.216435640409571, 40.574313738378272 ], [ 72.216435640409571, 40.574400395777232 ], [ 72.216481274370963, 40.574469721808164 ], [ 72.216526909599978, 40.574521716524927 ], [ 72.216367187566036, 40.574521716524927 ], [ 72.216207465532094, 40.574487053063955 ], [ 72.216139013956195, 40.574435059283104 ], [ 72.216116196341687, 40.574417728013849 ], [ 72.21609337872718, 40.574383064498996 ], [ 72.216024927151281, 40.574331070637321 ], [ 72.215979291922253, 40.574279075772402 ], [ 72.215956474307731, 40.574261744462731 ], [ 72.215773935926933, 40.574157755547596 ], [ 72.215545762317092, 40.574053766470833 ], [ 72.215454491859049, 40.574001771390421 ], [ 72.215408857897671, 40.573967108622931 ], [ 72.215340405054135, 40.573915113475181 ], [ 72.215157866673309, 40.573793792590436 ], [ 72.215089413829773, 40.573724465859151 ], [ 72.214952509410352, 40.5736551400189 ], [ 72.214747153415033, 40.573568481654732 ], [ 72.214541797419699, 40.573429827653456 ], [ 72.21449616219067, 40.573412496123794 ], [ 72.214404893000278, 40.57339516458967 ], [ 72.213583466483684, 40.573031197484319 ], [ 72.213515014907784, 40.573013865851422 ], [ 72.213492197293277, 40.572996534214028 ], [ 72.213423745717392, 40.572979202572149 ], [ 72.213332475259335, 40.572944538312051 ], [ 72.213218388454408, 40.572892543332543 ], [ 72.212784858849261, 40.572788552289445 ], [ 72.212465414781377, 40.572805883980699 ], [ 72.212351327976464, 40.572875210700857 ], [ 72.212374145590971, 40.572909874996874 ], [ 72.212374145590971, 40.572927206656701 ], [ 72.212374145590971, 40.572944538312051 ], [ 72.212396963205478, 40.572944538312051 ], [ 72.212396963205478, 40.572979202572149 ], [ 72.212419780819999, 40.572996534214028 ], [ 72.212419780819999, 40.573031197484319 ], [ 72.212419780819999, 40.573048529112732 ], [ 72.212488232395884, 40.57311785654435 ], [ 72.212556685239434, 40.573169852311644 ], [ 72.212602319200812, 40.573204515492151 ], [ 72.212625136815319, 40.573256510229236 ], [ 72.212647954429841, 40.573308505888789 ], [ 72.212625136815319, 40.573360500545064 ], [ 72.212602319200812, 40.57337783305104 ], [ 72.212579502853941, 40.573499154690005 ], [ 72.212602319200812, 40.573551149198138 ], [ 72.212625136815319, 40.573585813143971 ], [ 72.212716406005725, 40.573707134405822 ], [ 72.212807676463768, 40.573793792590436 ], [ 72.212876128039667, 40.573915113475181 ], [ 72.212944580883217, 40.574001771390421 ], [ 72.213013032459102, 40.574105760547987 ], [ 72.213058667688131, 40.574227081829925 ], [ 72.213104301649494, 40.574331070637321 ], [ 72.213104301649494, 40.574400395777232 ], [ 72.213081484035001, 40.574435059283104 ], [ 72.212967397230074, 40.574417728013849 ], [ 72.212944580883217, 40.574400395777232 ], [ 72.212853310425146, 40.574365733216261 ], [ 72.212784858849261, 40.574331070637321 ], [ 72.212762041234754, 40.574296407077583 ], [ 72.212739223620233, 40.574279075772402 ], [ 72.212625136815319, 40.574261744462731 ], [ 72.212511050010392, 40.574227081829925 ], [ 72.212328511629593, 40.574157755547596 ], [ 72.212214423557029, 40.574105760547987 ], [ 72.212100336752115, 40.57401910276743 ], [ 72.212031885176216, 40.57394977723245 ], [ 72.211986249947188, 40.573863119249879 ], [ 72.211894980756796, 40.573741797307996 ], [ 72.211849345527753, 40.573689802948017 ], [ 72.211780893951868, 40.573620476108985 ], [ 72.211758076337361, 40.573568481654732 ], [ 72.211712441108332, 40.573585813143971 ], [ 72.211666807146955, 40.573603144628727 ], [ 72.211552720342027, 40.5736551400189 ], [ 72.211438633537114, 40.573741797307996 ], [ 72.2113245467322, 40.573880450662806 ], [ 72.211301729117693, 40.57394977723245 ], [ 72.211529902727506, 40.574071097834377 ], [ 72.211849345527753, 40.574261744462731 ], [ 72.212214423557029, 40.574487053063955 ], [ 72.212556685239434, 40.574747024250733 ], [ 72.212693589658855, 40.574972331217815 ], [ 72.212739223620233, 40.575128313112323 ], [ 72.212739223620233, 40.575266962631076 ], [ 72.212693589658855, 40.575353618795447 ], [ 72.212556685239434, 40.575284294643197 ], [ 72.212419780819999, 40.575214969456276 ], [ 72.212168789595651, 40.575076318866948 ], [ 72.212031885176216, 40.574955000087719 ], [ 72.211712441108332, 40.574920337814063 ], [ 72.211643989532433, 40.574781686614166 ], [ 72.211370180693578, 40.574573710238454 ], [ 72.211073555507852, 40.574521716524927 ], [ 72.210754111439954, 40.574591041467308 ], [ 72.210503120215606, 40.574504384315269 ], [ 72.210115224571837, 40.574417728013849 ], [ 72.209841415732967, 40.574487053063955 ], [ 72.209909868576517, 40.574625704874414 ], [ 72.210046772995938, 40.574747024250733 ], [ 72.210138042186344, 40.574851012250036 ], [ 72.210160859800851, 40.574937668953133 ], [ 72.210320581834807, 40.575058987763796 ], [ 72.210525937830127, 40.575162975278239 ], [ 72.210571573059156, 40.575197638389035 ], [ 72.210799746668982, 40.575370950785121 ], [ 72.21082256428349, 40.575509599801045 ], [ 72.210548755444634, 40.575578924682688 ], [ 72.210366215796185, 40.575613586615148 ], [ 72.209887050961996, 40.575596255651156 ], [ 72.209727328928054, 40.57549226881013 ], [ 72.209658877352169, 40.575422943838703 ], [ 72.209590424508633, 40.575318956728296 ], [ 72.209499155318213, 40.575197638389035 ], [ 72.209407886127806, 40.575162975278239 ], [ 72.209339433284271, 40.575128313112323 ], [ 72.20917971251798, 40.575093650928451 ], [ 72.209156894903472, 40.57504165665614 ], [ 72.209156894903472, 40.574972331217815 ], [ 72.209065625713052, 40.574955000087719 ], [ 72.208768999259689, 40.574799018752003 ], [ 72.208084478430166, 40.574556379005102 ], [ 72.207742216747775, 40.574348401929036 ], [ 72.207422773947528, 40.57401910276743 ], [ 72.20739995633302, 40.573863119249879 ], [ 72.207422773947528, 40.573741797307996 ], [ 72.207422773947528, 40.573724465859151 ], [ 72.20739995633302, 40.573637807584767 ], [ 72.207377138718513, 40.573464491662129 ], [ 72.207354321104006, 40.57337783305104 ], [ 72.207331504757136, 40.573273842762148 ], [ 72.207285869528107, 40.573204515492151 ], [ 72.207217416684571, 40.573152519751794 ], [ 72.207057695918266, 40.573135188150317 ], [ 72.207012060689252, 40.573100524933899 ], [ 72.206966425460223, 40.573048529112732 ], [ 72.206966425460223, 40.572944538312051 ], [ 72.206966425460223, 40.572840547349756 ], [ 72.20698924307473, 40.572771219630816 ], [ 72.206966425460223, 40.572649896671983 ], [ 72.207057695918266, 40.572580568755512 ], [ 72.207080513532787, 40.572545905251779 ], [ 72.207171782723194, 40.572511241730091 ], [ 72.207285869528107, 40.572528573493173 ], [ 72.207377138718513, 40.572511241730091 ], [ 72.207514043137948, 40.572545905251779 ], [ 72.207582495981498, 40.572597901463524 ], [ 72.207650947557383, 40.572632564940314 ], [ 72.207719399133268, 40.57268456012185 ], [ 72.207833487205832, 40.572719224516632 ], [ 72.208061660815659, 40.572771219630816 ], [ 72.208175747620587, 40.572753887930574 ], [ 72.208244199196471, 40.572753887930574 ], [ 72.208335469654529, 40.572736556225848 ], [ 72.208472372806312, 40.572701892802918 ], [ 72.208768999259689, 40.572580568755512 ], [ 72.209065625713052, 40.572441913669948 ], [ 72.209270981708386, 40.5722685936868 ], [ 72.209362250898792, 40.572216598182045 ], [ 72.209430703742328, 40.572095273254725 ], [ 72.209499155318213, 40.57206060949958 ], [ 72.209521972932734, 40.571991280972561 ], [ 72.209521972932734, 40.571973949070298 ], [ 72.209544790547255, 40.571835292727734 ], [ 72.209521972932734, 40.571696635134955 ], [ 72.209453521356835, 40.57159264223327 ], [ 72.209316616937414, 40.571505981197923 ], [ 72.20890590367911, 40.571367323885653 ], [ 72.20856364326437, 40.571332658790531 ], [ 72.208381103615906, 40.571263330472178 ], [ 72.208335469654529, 40.571228665323183 ], [ 72.208244199196471, 40.571003345749993 ], [ 72.208152930006065, 40.570778025418107 ], [ 72.208426738844921, 40.570570035635015 ], [ 72.208837450835574, 40.570188720798022 ], [ 72.208518008035327, 40.569859402127904 ], [ 72.208244199196471, 40.56970340795052 ], [ 72.207787851976803, 40.569495415790293 ], [ 72.207354321104006, 40.569183426337844 ], [ 72.207148965108672, 40.568958098915175 ], [ 72.206783887079411, 40.568663439721917 ], [ 72.206738251850396, 40.568628774189037 ], [ 72.206829522308439, 40.568542109315338 ], [ 72.207171782723194, 40.56823011541853 ], [ 72.207468407908905, 40.568455444329416 ], [ 72.207514043137948, 40.568490110915015 ], [ 72.207742216747775, 40.568490110915015 ], [ 72.207901938781731, 40.568386113030215 ], [ 72.207993207972137, 40.56835144639075 ], [ 72.208061660815659, 40.568316780696257 ], [ 72.208130112391544, 40.568282114020874 ], [ 72.208335469654529, 40.568212782542105 ], [ 72.208449556459442, 40.568195449661197 ], [ 72.208518008035327, 40.568195449661197 ], [ 72.208768999259689, 40.568143450028586 ], [ 72.208951538908153, 40.568039451605081 ], [ 72.208974355255009, 40.568004785748975 ], [ 72.209042808098545, 40.567935453019963 ], [ 72.209156894903472, 40.567675455368637 ], [ 72.20917971251798, 40.567554123170872 ], [ 72.209202530132487, 40.56738079052792 ], [ 72.209225346479357, 40.567190124294761 ], [ 72.20917971251798, 40.56706879121711 ], [ 72.209156894903472, 40.567016790709083 ], [ 72.209088442059937, 40.566912790534779 ], [ 72.209019990484038, 40.56680879019887 ], [ 72.209134077288951, 40.56670478970134 ], [ 72.209270981708386, 40.566618122336124 ], [ 72.209430703742328, 40.566600789042205 ], [ 72.20961324212314, 40.566618122336124 ], [ 72.209864233347488, 40.566618122336124 ], [ 72.210046772995938, 40.566670123153912 ], [ 72.210138042186344, 40.566618122336124 ], [ 72.210183677415372, 40.566600789042205 ], [ 72.210343398181678, 40.566392787239103 ], [ 72.210366215796185, 40.566271451752954 ], [ 72.210366215796185, 40.566167450420437 ], [ 72.210366215796185, 40.566132783594682 ], [ 72.210389033410692, 40.565976780730601 ], [ 72.210411851025214, 40.565872778940175 ], [ 72.210411851025214, 40.565734109955898 ], [ 72.210571573059156, 40.565578106162548 ], [ 72.210799746668982, 40.565456770162434 ], [ 72.21111918946923, 40.5652140965393 ], [ 72.211347363079071, 40.565040758798915 ], [ 72.211712441108332, 40.564798083667412 ], [ 72.211963432332681, 40.564572742442678 ], [ 72.212351327976464, 40.564364733373779 ], [ 72.212465414781377, 40.56429539783683 ], [ 72.212488232395884, 40.56429539783683 ], [ 72.212693589658855, 40.564191393433724 ], [ 72.212716406005725, 40.564174058548325 ], [ 72.212876128039667, 40.564070053956677 ], [ 72.213423745717392, 40.563966049203422 ], [ 72.213674736941741, 40.563914047247678 ], [ 72.21435925777125, 40.563792707267851 ], [ 72.215271953478236, 40.563671368031059 ], [ 72.215751118312426, 40.563584696737813 ], [ 72.216367187566036, 40.563428688897559 ], [ 72.216960439205138, 40.563255345570369 ], [ 72.217530874497371, 40.563099335999475 ], [ 72.21821539532688, 40.562873989055582 ], [ 72.218329482131793, 40.562839320523949 ], [ 72.218534839394763, 40.562700644291859 ], [ 72.218899917424025, 40.562492630368062 ], [ 72.219264995453287, 40.562232611572739 ], [ 72.219630073482563, 40.562007261710932 ], [ 72.219972333897317, 40.561816580169754 ], [ 72.220177691160288, 40.561695237350655 ], [ 72.220268960350694, 40.561643232667677 ], [ 72.2203602295411, 40.561573893348559 ], [ 72.220428682384636, 40.561417880821701 ], [ 72.220405864770115, 40.561261866968195 ], [ 72.220337411926579, 40.561157857851526 ], [ 72.220223325121665, 40.561088518029621 ], [ 72.220040786740853, 40.561019179098935 ], [ 72.219812613131012, 40.560863164316189 ], [ 72.219630073482563, 40.560689814345132 ], [ 72.219493169063142, 40.560585804339624 ], [ 72.21924217783878, 40.560360448933821 ], [ 72.21903682184346, 40.560152426774657 ], [ 72.218945552653054, 40.559996410934886 ], [ 72.218854282194997, 40.559823058719303 ], [ 72.218717377775576, 40.559545694433247 ], [ 72.218648926199677, 40.559320335525989 ], [ 72.218580473356141, 40.559181652003637 ], [ 72.218443570204357, 40.558886949768528 ], [ 72.218329482131793, 40.558713594679965 ], [ 72.21814694375098, 40.558418890384395 ], [ 72.218124126136473, 40.558228198621656 ], [ 72.218032856946081, 40.558089513799906 ], [ 72.217941587755661, 40.557864149990664 ], [ 72.217895952526632, 40.557673456647798 ], [ 72.217895952526632, 40.55755210535547 ], [ 72.217895952526632, 40.557413419133162 ], [ 72.217873134912111, 40.557309404037113 ], [ 72.217941587755661, 40.557118709114128 ], [ 72.218101308521966, 40.556893341073817 ], [ 72.21814694375098, 40.5568239977978 ], [ 72.218329482131793, 40.556633301492219 ], [ 72.218352299746314, 40.556615964649509 ], [ 72.21842075258985, 40.556546621086206 ], [ 72.218443570204357, 40.556511948314515 ], [ 72.218443570204357, 40.556494612403483 ], [ 72.218534839394763, 40.556390595879947 ], [ 72.21862610858517, 40.556217234327235 ], [ 72.218648926199677, 40.55618256234807 ], [ 72.218717377775576, 40.55607854533973 ], [ 72.218785830619112, 40.555974528169791 ], [ 72.218877099809518, 40.555783829444657 ], [ 72.218922735038532, 40.555662475690355 ], [ 72.218945552653054, 40.555575794027433 ], [ 72.219105273419359, 40.555298412144559 ], [ 72.219219360224272, 40.554986355550774 ], [ 72.219424717487243, 40.554414249302226 ], [ 72.219789795516505, 40.553772791729074 ], [ 72.220017969126346, 40.553200675111178 ], [ 72.220086420702245, 40.552992631667799 ], [ 72.219858247092404, 40.552888609703707 ], [ 72.219607255868056, 40.55280192444966 ], [ 72.219584438253534, 40.552784586614848 ], [ 72.219356264643693, 40.552645890516935 ], [ 72.219082455804838, 40.552455182311249 ], [ 72.218671743814198, 40.552195124529113 ], [ 72.21814694375098, 40.551744356470003 ], [ 72.217530874497371, 40.551345596172844 ], [ 72.217371152463429, 40.551050859444864 ], [ 72.217028892048674, 40.550738784018279 ], [ 72.216777900824326, 40.550478719570229 ], [ 72.216504091985456, 40.55013196636493 ], [ 72.21609337872718, 40.549698521129365 ], [ 72.215773935926933, 40.549386439400514 ], [ 72.21552294470257, 40.549213059712763 ], [ 72.215317588707265, 40.549074356217297 ], [ 72.215203500634701, 40.548744932698973 ], [ 72.214792788644047, 40.548450184524569 ], [ 72.214655884224612, 40.548363493524839 ], [ 72.214199537004944, 40.548016729366935 ], [ 72.213811641361161, 40.547721977987564 ], [ 72.21374318851764, 40.547635286045193 ], [ 72.213560650136813, 40.547444563569613 ], [ 72.213241206068929, 40.547253840550894 ], [ 72.212990214844595, 40.54706311698903 ], [ 72.212647954429841, 40.546907069684181 ], [ 72.212442598434507, 40.546785699841941 ], [ 72.212374145590971, 40.546369571485073 ], [ 72.212282876400579, 40.546369571485073 ], [ 72.21194061598581, 40.546317555860703 ], [ 72.211484267498491, 40.546265539232692 ], [ 72.211370180693578, 40.546265539232692 ], [ 72.211347363079071, 40.546248200668778 ], [ 72.211187642312765, 40.54621352352752 ], [ 72.211050737893331, 40.546196184950155 ], [ 72.210640024635055, 40.546144168227876 ], [ 72.209818599386111, 40.546040135625368 ], [ 72.20870054768379, 40.54588408593699 ], [ 72.208449556459442, 40.545849408607204 ], [ 72.208198565235094, 40.545797391615594 ], [ 72.207833487205832, 40.545745375546851 ], [ 72.207582495981498, 40.545693358474452 ], [ 72.207514043137948, 40.545676019762418 ], [ 72.207285869528107, 40.545606663906177 ], [ 72.207057695918266, 40.54553730894137 ], [ 72.207034878303759, 40.545519970188948 ], [ 72.20698924307473, 40.545519970188948 ], [ 72.206236269401685, 40.545450614171109 ], [ 72.206213453054829, 40.545450614171109 ], [ 72.206122182596772, 40.545450614171109 ], [ 72.205985278177337, 40.545467952941479 ], [ 72.205506113343148, 40.54553730894137 ], [ 72.205528930957669, 40.545467952941479 ], [ 72.205277939733321, 40.545502630468768 ], [ 72.205255122118814, 40.545502630468768 ], [ 72.204958496933088, 40.545571986432748 ], [ 72.204342427679464, 40.545554647689301 ], [ 72.203977348382551, 40.54553730894137 ], [ 72.203840445230767, 40.54553730894137 ], [ 72.203087471557723, 40.545554647689301 ], [ 72.202106323007186, 40.545571986432748 ], [ 72.201900967011866, 40.545589325171704 ], [ 72.20016684605595, 40.545589325171704 ], [ 72.200121210826921, 40.545589325171704 ], [ 72.200029941636501, 40.545606663906177 ], [ 72.199824585641196, 40.545606663906177 ], [ 72.199778950412167, 40.545624003599414 ], [ 72.199824585641196, 40.545676019762418 ], [ 72.198592447133962, 40.546369571485073 ], [ 72.19825018545157, 40.546542958534367 ], [ 72.1982273691047, 40.546542958534367 ], [ 72.198113281032121, 40.546612313421058 ], [ 72.19781665584641, 40.546768361412703 ], [ 72.196835508563524, 40.547253840550894 ], [ 72.195991264432422, 40.547687300646139 ], [ 72.196014082046943, 40.547739316169931 ], [ 72.196036899661451, 40.547843346133064 ], [ 72.196128168851871, 40.548120758899159 ], [ 72.196014082046943, 40.548172773123056 ], [ 72.19589999524203, 40.548224788269785 ], [ 72.195717456861203, 40.548276802412886 ], [ 72.195512099598247, 40.548346155504071 ], [ 72.195398012793319, 40.548415508523433 ], [ 72.195557734827261, 40.548588890276015 ], [ 72.195534917212754, 40.548588890276015 ], [ 72.195512099598247, 40.548623566187388 ], [ 72.195283925988406, 40.548744932698973 ], [ 72.195261108373884, 40.548762270616507 ], [ 72.195169839183492, 40.548796947401314 ], [ 72.195147021568985, 40.548814285305376 ], [ 72.195169839183492, 40.548848961100035 ], [ 72.195238290759391, 40.548918313598705 ], [ 72.195306743602913, 40.548970328166369 ], [ 72.19532956121742, 40.548987666025539 ], [ 72.195466465636869, 40.549161046296831 ], [ 72.195649004017667, 40.549369101644579 ], [ 72.195671821632189, 40.549386439400514 ], [ 72.195671821632189, 40.549421114898912 ], [ 72.195694639246696, 40.549473129076055 ], [ 72.195717456861203, 40.549542480928338 ], [ 72.195740273208088, 40.549559818639381 ], [ 72.195763090822581, 40.549646508090476 ], [ 72.195763090822581, 40.549750535091036 ], [ 72.195785908437102, 40.549819885692827 ], [ 72.195785908437102, 40.549941250999552 ], [ 72.195785908437102, 40.550027939956898 ], [ 72.195831543666131, 40.550149303923355 ], [ 72.195854361280638, 40.550183979026748 ], [ 72.195877177627509, 40.550218655075383 ], [ 72.195922812856537, 40.550305343673614 ], [ 72.195945630471044, 40.55035735620077 ], [ 72.195968448085566, 40.55040936965073 ], [ 72.195968448085566, 40.550461382097083 ], [ 72.195945630471044, 40.55051339546624 ], [ 72.195922812856537, 40.550582745278007 ], [ 72.195877177627509, 40.550686771787383 ], [ 72.195831543666131, 40.550756121419603 ], [ 72.195785908437102, 40.550860146696458 ], [ 72.195740273208088, 40.55094683446427 ], [ 72.19562618640316, 40.551085535044599 ], [ 72.19560337005629, 40.551137546965769 ], [ 72.19560337005629, 40.551172222520634 ], [ 72.195466465636869, 40.551241571650102 ], [ 72.195420830407841, 40.551293584413266 ], [ 72.195375195178812, 40.551362934380236 ], [ 72.195352378831942, 40.551414946085949 ], [ 72.195352378831942, 40.551484295927239 ], [ 72.195398012793319, 40.551570982887043 ], [ 72.195443648022348, 40.551675006898051 ], [ 72.195512099598247, 40.551761693610985 ], [ 72.195534917212754, 40.55183104212999 ], [ 72.195557734827261, 40.55184838021168 ], [ 72.195580552441783, 40.551952403791766 ], [ 72.195557734827261, 40.552021752113255 ], [ 72.195534917212754, 40.552125776387172 ], [ 72.195512099598247, 40.552229799536327 ], [ 72.195466465636869, 40.552368496496094 ], [ 72.195420830407841, 40.552489856220625 ], [ 72.195375195178812, 40.552576541878672 ], [ 72.195306743602913, 40.552680564327559 ], [ 72.195283925988406, 40.552732575972989 ], [ 72.195283925988406, 40.552784586614848 ], [ 72.195238290759391, 40.552819261316806 ], [ 72.195215474412521, 40.552888609703707 ], [ 72.195192656798, 40.552957957055618 ], [ 72.195169839183492, 40.553009968485568 ], [ 72.195169839183492, 40.553044642107658 ], [ 72.195169839183492, 40.553061978911977 ], [ 72.195192656798, 40.553113990261124 ], [ 72.195192656798, 40.55316600060673 ], [ 72.195215474412521, 40.553252685389452 ], [ 72.195261108373884, 40.553322033327454 ], [ 72.195306743602913, 40.553408717908162 ], [ 72.19532956121742, 40.553478065684573 ], [ 72.195375195178812, 40.553547412425999 ], [ 72.195443648022348, 40.553668770976977 ], [ 72.195443648022348, 40.553703444257913 ], [ 72.195443648022348, 40.553790128344851 ], [ 72.195420830407841, 40.553911485492776 ], [ 72.195398012793319, 40.554015505867802 ], [ 72.195375195178812, 40.554084853015759 ], [ 72.195398012793319, 40.554119526081237 ], [ 72.195420830407841, 40.554206209629498 ], [ 72.195466465636869, 40.554275556579952 ], [ 72.195512099598247, 40.554344903458563 ], [ 72.195534917212754, 40.554466259600979 ], [ 72.195580552441783, 40.554604951928233 ], [ 72.195671821632189, 40.554691634848055 ], [ 72.195763090822581, 40.554830327671603 ], [ 72.195785908437102, 40.554951682934188 ], [ 72.195808726051624, 40.555090375219059 ], [ 72.195808726051624, 40.555125047763823 ], [ 72.195854361280638, 40.555211730010306 ], [ 72.195922812856537, 40.555350420793381 ], [ 72.195991264432422, 40.555454438932927 ], [ 72.196105352504986, 40.555627802460776 ], [ 72.196196621695393, 40.555749156277933 ], [ 72.196265073271292, 40.555818501630313 ], [ 72.196333526114827, 40.555939855101819 ], [ 72.196356342461684, 40.555939855101819 ], [ 72.196379160076205, 40.556009200256689 ], [ 72.196401977690726, 40.556026536293409 ], [ 72.196424795305234, 40.55607854533973 ], [ 72.196447612919741, 40.556147890350957 ], [ 72.196493246881133, 40.556234571273194 ], [ 72.196493246881133, 40.556269243225437 ], [ 72.196493246881133, 40.556286579194804 ], [ 72.196470430534262, 40.55632125112011 ], [ 72.196447612919741, 40.556355923990559 ], [ 72.196356342461684, 40.556407931817908 ], [ 72.196333526114827, 40.556442604643465 ], [ 72.196287890885799, 40.556477276487968 ], [ 72.19624225565677, 40.556511948314515 ], [ 72.196150986466364, 40.556581292876828 ], [ 72.196082534890479, 40.556667973237957 ], [ 72.196036899661451, 40.556702644965746 ], [ 72.196014082046943, 40.556702644965746 ], [ 72.195991264432422, 40.556702644965746 ], [ 72.195945630471044, 40.556737317638685 ], [ 72.195922812856537, 40.556789325169753 ], [ 72.195877177627509, 40.556841333623538 ], [ 72.195854361280638, 40.556858669444779 ], [ 72.195785908437102, 40.55692801364799 ], [ 72.195694639246696, 40.55701469356022 ], [ 72.195649004017667, 40.557049365108448 ], [ 72.19560337005629, 40.557066700875829 ], [ 72.195557734827261, 40.557049365108448 ], [ 72.195512099598247, 40.557049365108448 ], [ 72.195466465636869, 40.557066700875829 ], [ 72.195352378831942, 40.557118709114128 ], [ 72.195238290759391, 40.557170716348942 ], [ 72.195124203954464, 40.557222724506452 ], [ 72.195010117149536, 40.557292068332579 ], [ 72.194918847959144, 40.557344075432731 ], [ 72.194873212730116, 40.557361411123793 ], [ 72.194781943539709, 40.557413419133162 ], [ 72.194759125925202, 40.557413419133162 ], [ 72.194713491963824, 40.557430754806269 ], [ 72.194667856734782, 40.5574480904749 ], [ 72.194576587544375, 40.5574480904749 ], [ 72.194462500739476, 40.557465426139032 ], [ 72.194325596320041, 40.557482762761779 ], [ 72.194211509515128, 40.557500098416931 ], [ 72.194143056671592, 40.557482762761779 ], [ 72.194120239057071, 40.557482762761779 ], [ 72.194051787481186, 40.557500098416931 ], [ 72.193960518290766, 40.557534769713783 ], [ 72.193914883061737, 40.55755210535547 ], [ 72.193869247832723, 40.55755210535547 ], [ 72.193846431485852, 40.557534769713783 ], [ 72.193777978642331, 40.557517434067599 ], [ 72.193755161027809, 40.55755210535547 ], [ 72.193732344680939, 40.557604113216698 ], [ 72.193709527066432, 40.557638784459691 ], [ 72.19361825660836, 40.557621448840443 ], [ 72.19354980503249, 40.557621448840443 ], [ 72.193526987417968, 40.557621448840443 ], [ 72.193504169803461, 40.557656120074441 ], [ 72.193504169803461, 40.557673456647798 ], [ 72.19348135345659, 40.557690792253581 ], [ 72.193435718227562, 40.557708127854866 ], [ 72.193321631422648, 40.557760134631806 ], [ 72.19327599619362, 40.55779480675708 ], [ 72.193253178579099, 40.557812142331443 ], [ 72.193230362232242, 40.557760134631806 ], [ 72.193207544617721, 40.557760134631806 ], [ 72.193139091774185, 40.557760134631806 ], [ 72.193047822583779, 40.55779480675708 ], [ 72.193002187354764, 40.55779480675708 ], [ 72.192956553393387, 40.55779480675708 ], [ 72.19286528293533, 40.557812142331443 ], [ 72.192819648973952, 40.557829477901301 ], [ 72.192751196130402, 40.557864149990664 ], [ 72.192728379783546, 40.557864149990664 ], [ 72.192705562169024, 40.557881485547057 ], [ 72.192659926939996, 40.557916156646392 ], [ 72.192545840135082, 40.557985499754281 ], [ 72.192500204906068, 40.558037506315749 ], [ 72.19245457094469, 40.558072178297365 ], [ 72.192363300486619, 40.558089513799906 ], [ 72.192272031296227, 40.558124184791517 ], [ 72.192157944491314, 40.558176192208322 ], [ 72.192066675300907, 40.558193527683926 ], [ 72.19195258849598, 40.558245535046872 ], [ 72.191884135652444, 40.558280205957672 ], [ 72.191838501691066, 40.55829754140634 ], [ 72.191792866462052, 40.558332212290203 ], [ 72.19177004884753, 40.558366884119188 ], [ 72.191724414886153, 40.558418890384395 ], [ 72.191724414886153, 40.558436226760222 ], [ 72.191724414886153, 40.558453562168488 ], [ 72.191724414886153, 40.558505568366357 ], [ 72.191724414886153, 40.55857491086374 ], [ 72.191724414886153, 40.558626917930411 ], [ 72.191724414886153, 40.558661588643687 ], [ 72.191724414886153, 40.55869625933903 ], [ 72.191724414886153, 40.558748266311433 ], [ 72.191747231233023, 40.558817607594349 ], [ 72.19177004884753, 40.558869614472485 ], [ 72.19177004884753, 40.55890428506008 ], [ 72.191861319305573, 40.55890428506008 ], [ 72.191929770881458, 40.558886949768528 ], [ 72.19195258849598, 40.558886949768528 ], [ 72.191998222457357, 40.558869614472485 ], [ 72.192043857686386, 40.558852279171951 ], [ 72.192112309262285, 40.558869614472485 ], [ 72.192135126876806, 40.558886949768528 ], [ 72.192157944491314, 40.558921621310212 ], [ 72.192226397334835, 40.558956291870871 ], [ 72.192249213681706, 40.558990962413581 ], [ 72.192249213681706, 40.559025633901399 ], [ 72.192272031296227, 40.559042969157041 ], [ 72.192226397334835, 40.559112311097785 ], [ 72.192157944491314, 40.5591643167839 ], [ 72.192135126876806, 40.559198987218878 ], [ 72.192089492915429, 40.55921632339269 ], [ 72.191998222457357, 40.559268328998009 ], [ 72.191906953266965, 40.559320335525989 ], [ 72.191815684076559, 40.559355005880164 ], [ 72.191701597271646, 40.559389676216377 ], [ 72.191564692852197, 40.559407012340813 ], [ 72.191450606047283, 40.559407012340813 ], [ 72.191359336856891, 40.559389676216377 ], [ 72.191176797208428, 40.559372341050519 ], [ 72.191085528018021, 40.559389676216377 ], [ 72.190994257559964, 40.559424347497696 ], [ 72.190925805984079, 40.559441682650082 ], [ 72.190834536793673, 40.55947635294141 ], [ 72.190811719179166, 40.55947635294141 ], [ 72.190766083950137, 40.559511024177844 ], [ 72.190674814759731, 40.559580364670701 ], [ 72.190560727954804, 40.559649706054806 ], [ 72.190469458764397, 40.559667041148842 ], [ 72.190378188306354, 40.559684377201449 ], [ 72.190218467540063, 40.559736382443162 ], [ 72.1900359278916, 40.559805723665662 ], [ 72.189876205857658, 40.559857728813107 ], [ 72.189716485091367, 40.559927069909911 ], [ 72.189533945442903, 40.560013745939145 ], [ 72.189374223408961, 40.560117756833478 ], [ 72.189260136604034, 40.560204432615819 ], [ 72.189123232184613, 40.560291108285924 ], [ 72.188963511418322, 40.560377783843805 ], [ 72.188872240960265, 40.560447124401925 ], [ 72.188826606998887, 40.560499129051095 ], [ 72.188780971769873, 40.560551134622891 ], [ 72.188712520193974, 40.560603139191258 ], [ 72.188644067350424, 40.560655144682265 ], [ 72.188507162931003, 40.560724483990036 ], [ 72.188370258511569, 40.560811158986787 ], [ 72.188347442164698, 40.560828494743106 ], [ 72.188256171706641, 40.560880499095994 ], [ 72.188187720130756, 40.560967173890745 ], [ 72.188142084901727, 40.561053848573252 ], [ 72.188142084901727, 40.561105852751069 ], [ 72.188073633325843, 40.561157857851526 ], [ 72.188005180482307, 40.561261866968195 ], [ 72.187982364135436, 40.561313871947441 ], [ 72.187913911291901, 40.561365875923258 ], [ 72.187845459716002, 40.561400545218014 ], [ 72.187754189257959, 40.561435215457855 ], [ 72.187662920067538, 40.561452550089534 ], [ 72.187571650877146, 40.561452550089534 ], [ 72.187526015648118, 40.561452550089534 ], [ 72.187457564072218, 40.561469884716715 ], [ 72.187389111228683, 40.561469884716715 ], [ 72.187297842038276, 40.561504554920639 ], [ 72.187252206809262, 40.561539224143573 ], [ 72.18720657284787, 40.561573893348559 ], [ 72.18720657284787, 40.561608563498616 ], [ 72.187160937618842, 40.561625898085389 ], [ 72.187092486042957, 40.561643232667677 ], [ 72.1870012155849, 40.561643232667677 ], [ 72.186909946394493, 40.561660567245482 ], [ 72.18679585958958, 40.561695237350655 ], [ 72.186704590399188, 40.561729906474831 ], [ 72.186636137555638, 40.561799245632351 ], [ 72.186544868365232, 40.561885919237483 ], [ 72.186499233136203, 40.561972591767372 ], [ 72.186499233136203, 40.562024596194455 ], [ 72.186499233136203, 40.562093935046718 ], [ 72.186476416789333, 40.562145938416506 ], [ 72.186476416789333, 40.562215277143075 ], [ 72.186499233136203, 40.562267281381615 ], [ 72.186476416789333, 40.562336619019462 ], [ 72.186499233136203, 40.562440626304586 ], [ 72.186522050750725, 40.562492630368062 ], [ 72.186499233136203, 40.562544633428097 ], [ 72.186522050750725, 40.562631306068084 ], [ 72.186499233136203, 40.562665975670456 ], [ 72.186430781560318, 40.562665975670456 ], [ 72.186339512369926, 40.562700644291859 ], [ 72.186316694755405, 40.562735312895313 ], [ 72.186293877140884, 40.562752648153321 ], [ 72.186316694755405, 40.562804651011362 ], [ 72.186316694755405, 40.562839320523949 ], [ 72.186316694755405, 40.562908657569238 ], [ 72.186293877140884, 40.562943327027966 ], [ 72.186225425564999, 40.562977995505726 ], [ 72.186179790335956, 40.562995329737866 ], [ 72.186179790335956, 40.563012663965523 ], [ 72.186156972721463, 40.563047333370385 ], [ 72.186134155106942, 40.563047333370385 ], [ 72.186111338760071, 40.56306466758457 ], [ 72.186088521145564, 40.563082001794264 ], [ 72.186088521145564, 40.563151339551176 ], [ 72.186065703531057, 40.563151339551176 ], [ 72.186020068302028, 40.563168673738431 ], [ 72.185997250687521, 40.56320334209947 ], [ 72.186020068302028, 40.563238011405559 ], [ 72.185951616726143, 40.563255345570369 ], [ 72.185883163882593, 40.563255345570369 ], [ 72.185814712306694, 40.563272679730694 ], [ 72.185746260730809, 40.563290013886522 ], [ 72.185632172658245, 40.563324683147719 ], [ 72.18547245189194, 40.563342017290083 ], [ 72.185312729857998, 40.563324683147719 ], [ 72.185198643053084, 40.563324683147719 ], [ 72.185016103404635, 40.563359351427955 ], [ 72.184947651828736, 40.563359351427955 ], [ 72.18485638263833, 40.563359351427955 ], [ 72.184628207760852, 40.563376685561344 ], [ 72.184422851765532, 40.563411354777649 ], [ 72.184263129731576, 40.563428688897559 ], [ 72.184057773736271, 40.563463357123929 ], [ 72.183898051702315, 40.563532694485801 ], [ 72.183715513321516, 40.563550028574298 ], [ 72.18355579128756, 40.563532694485801 ], [ 72.18335043529224, 40.563498025332343 ], [ 72.183167895643777, 40.563480691230382 ], [ 72.183099444067892, 40.563463357123929 ], [ 72.183076626453385, 40.563411354777649 ], [ 72.183030991224356, 40.563359351427955 ], [ 72.183008173609849, 40.563290013886522 ], [ 72.182894086804922, 40.563238011405559 ], [ 72.18278, 40.56320334209947 ], [ 72.182711548424123, 40.56320334209947 ], [ 72.182643095580573, 40.56320334209947 ], [ 72.182506191161139, 40.563186007921203 ], [ 72.182346470394862, 40.563186007921203 ], [ 72.182209565975413, 40.563220677236266 ], [ 72.182118296785021, 40.563290013886522 ], [ 72.182004208712456, 40.563342017290083 ], [ 72.181867305560658, 40.563376685561344 ], [ 72.181661948297702, 40.563532694485801 ], [ 72.181547861492774, 40.563619365846371 ], [ 72.181525043878253, 40.563636699912429 ], [ 72.181502227531396, 40.563671368031059 ], [ 72.181388139458846, 40.563827376268677 ], [ 72.181342505497454, 40.563862044288548 ], [ 72.181228418692541, 40.564018052081742 ], [ 72.18120560107802, 40.564087388869005 ], [ 72.181137148234484, 40.56420872735162 ], [ 72.181091514273106, 40.564434069801912 ], [ 72.1810002450827, 40.564555407656051 ], [ 72.180977427468193, 40.564555407656051 ], [ 72.180977427468193, 40.564572742442678 ], [ 72.180977427468193, 40.564711413833159 ], [ 72.180977427468193, 40.564815417428214 ], [ 72.180954609853686, 40.564971422999278 ], [ 72.180931792239164, 40.565092759879271 ], [ 72.180931792239164, 40.565110093563746 ], [ 72.180886157010136, 40.5652140965393 ], [ 72.180840523048758, 40.565300765722633 ], [ 72.18072643624383, 40.565404768401912 ], [ 72.180635165785802, 40.565491437338345 ], [ 72.180475445019496, 40.565595439721328 ], [ 72.180361358214583, 40.565664774874527 ], [ 72.180247271409655, 40.565734109955898 ], [ 72.18017881856612, 40.565751443474284 ], [ 72.180041914146685, 40.565803444965439 ], [ 72.179882192112743, 40.565803444965439 ], [ 72.179768105307815, 40.565820778465863 ], [ 72.179654018502916, 40.565820778465863 ], [ 72.179425844893075, 40.565820778465863 ], [ 72.179129219707335, 40.565872778940175 ], [ 72.179037949249306, 40.565890112422643 ], [ 72.178901044829857, 40.565924780337077 ], [ 72.178718506449059, 40.565994115149103 ], [ 72.178581602029624, 40.566063448926315 ], [ 72.178535966800595, 40.566115450175062 ], [ 72.178490332839218, 40.566167450420437 ], [ 72.178467515224696, 40.566219451588388 ], [ 72.178444697610189, 40.566236784981072 ], [ 72.178193706385841, 40.566410120586887 ], [ 72.177965532776014, 40.566583455743803 ], [ 72.177782993127551, 40.566687456429868 ], [ 72.177600454746738, 40.566774123705308 ], [ 72.177486367941825, 40.566791456954327 ], [ 72.177417915098275, 40.56680879019887 ], [ 72.177372281136897, 40.566843456674476 ], [ 72.177303828293375, 40.566930123747895 ], [ 72.177166923873941, 40.566999457518413 ], [ 72.177052837069013, 40.567103457558041 ], [ 72.176893115035071, 40.567172791148991 ], [ 72.176779028230158, 40.567224790572858 ], [ 72.176710576654258, 40.567294124038106 ], [ 72.176642123810737, 40.567328790262323 ], [ 72.176550854620316, 40.567346124330641 ], [ 72.176413950200896, 40.567415456707252 ], [ 72.176254229434605, 40.567467456905511 ], [ 72.176162958976533, 40.567502123039944 ], [ 72.176003238210242, 40.567536790119362 ], [ 72.175409985303489, 40.567640789323995 ], [ 72.174999273312849, 40.567710121395336 ], [ 72.174771098435372, 40.567727455364889 ], [ 72.174634195283588, 40.567744788367015 ], [ 72.174542924825531, 40.567744788367015 ], [ 72.174451655635139, 40.567744788367015 ], [ 72.174314751215704, 40.567796787346445 ], [ 72.174018124762327, 40.568126117129708 ], [ 72.173653046733065, 40.568299447842286 ], [ 72.173242334742412, 40.568472777142993 ], [ 72.172694717064687, 40.56873277169673 ], [ 72.172649081835658, 40.568698106199761 ], [ 72.172603447874295, 40.568680773444541 ], [ 72.172534995030759, 40.568646106957715 ], [ 72.172420908225831, 40.568680773444541 ], [ 72.17239809061131, 40.568680773444541 ], [ 72.172284003806396, 40.56873277169673 ], [ 72.172261187459526, 40.568767437175737 ], [ 72.172169917001483, 40.568819436323516 ], [ 72.172101465425598, 40.568871435430886 ], [ 72.17198737862067, 40.568819436323516 ], [ 72.171804838972207, 40.568750104438479 ], [ 72.171622300591409, 40.568715438950491 ], [ 72.171508213786495, 40.568663439721917 ], [ 72.171485396171974, 40.568663439721917 ], [ 72.171371309367046, 40.568628774189037 ], [ 72.171348491752539, 40.568628774189037 ], [ 72.171348491752539, 40.56857677489311 ], [ 72.171348491752539, 40.568524776519723 ], [ 72.171302856523511, 40.568472777142993 ], [ 72.171257222562133, 40.568420778688797 ], [ 72.171211587333119, 40.568386113030215 ], [ 72.171097500528191, 40.568316780696257 ], [ 72.171006231337785, 40.568282114020874 ], [ 72.170914960879742, 40.56823011541853 ], [ 72.170823691689336, 40.568195449661197 ], [ 72.170709604884408, 40.568126117129708 ], [ 72.170686787269887, 40.568108784226347 ], [ 72.170641153308523, 40.56809145035556 ], [ 72.170595518079494, 40.568056784526391 ], [ 72.170527065235959, 40.568022118679266 ], [ 72.170458613660074, 40.567970118911973 ], [ 72.170390162084175, 40.567918120067219 ], [ 72.170298891626118, 40.56790078614705 ], [ 72.170207622435726, 40.567866120219115 ], [ 72.170139170859841, 40.567796787346445 ], [ 72.170116353245319, 40.567762121364645 ], [ 72.170070718016291, 40.567658122348561 ], [ 72.170025082787248, 40.56760612229845 ], [ 72.169956631211377, 40.567571456217884 ], [ 72.169956631211377, 40.567554123170872 ], [ 72.169933813596856, 40.567502123039944 ], [ 72.16984254440645, 40.567415456707252 ], [ 72.169796909177435, 40.567363457431533 ], [ 72.169728457601536, 40.567294124038106 ], [ 72.16963718841113, 40.567259457795934 ], [ 72.169477466377188, 40.567207457436055 ], [ 72.169363379572275, 40.567172791148991 ], [ 72.169317744343232, 40.567172791148991 ], [ 72.169272109114218, 40.567155457998723 ], [ 72.169089570733405, 40.567120790721781 ], [ 72.16895266631397, 40.567103457558041 ], [ 72.168792944280028, 40.56706879121711 ], [ 72.168678857475115, 40.567051458039913 ], [ 72.168541953055694, 40.566999457518413 ], [ 72.168496319094317, 40.566964791123617 ], [ 72.168450683865274, 40.566964791123617 ], [ 72.168359414674867, 40.566930123747895 ], [ 72.168222510255447, 40.566878124095091 ], [ 72.168176875026418, 40.566878124095091 ], [ 72.168131241065041, 40.566878124095091 ], [ 72.168108423450533, 40.566878124095091 ], [ 72.16792588380207, 40.566860790868503 ], [ 72.167880249840692, 40.566843456674476 ], [ 72.167697710192229, 40.566774123705308 ], [ 72.167583623387316, 40.566722122968329 ], [ 72.167469536582402, 40.566635455625558 ], [ 72.167423901353374, 40.566583455743803 ], [ 72.167332632162967, 40.566514121542319 ], [ 72.167264180587068, 40.566444787269006 ], [ 72.167172910129025, 40.566392787239103 ], [ 72.16710445855314, 40.566340786205842 ], [ 72.167058823324112, 40.566271451752954 ], [ 72.167036005709591, 40.566236784981072 ], [ 72.166944736519184, 40.566132783594682 ], [ 72.166876284943299, 40.566063448926315 ], [ 72.166830649714271, 40.566028782046686 ], [ 72.166762198138372, 40.565994115149103 ], [ 72.166693745294836, 40.565959447270579 ], [ 72.166625293718951, 40.565942113806074 ], [ 72.16660247610443, 40.565907446863591 ], [ 72.166511206914038, 40.565855445453231 ], [ 72.166511206914038, 40.565838111961789 ], [ 72.166419936455966, 40.565786110497555 ], [ 72.166351484880082, 40.565734109955898 ], [ 72.166328667265574, 40.565682108410854 ], [ 72.166305849651053, 40.565630107788394 ], [ 72.166305849651053, 40.565612774238595 ], [ 72.166305849651053, 40.565595439721328 ], [ 72.166305849651053, 40.565543439031522 ], [ 72.166283032036546, 40.565491437338345 ], [ 72.16619176284614, 40.565404768401912 ], [ 72.166123311270255, 40.565352767563965 ], [ 72.166009224465327, 40.565300765722633 ], [ 72.165940771621791, 40.56528343208754 ], [ 72.165826684816878, 40.565266098447971 ], [ 72.165781049587849, 40.56524876480389 ], [ 72.165689780397443, 40.56524876480389 ], [ 72.165598511207037, 40.565266098447971 ], [ 72.165507242016631, 40.565266098447971 ], [ 72.165393155211717, 40.565266098447971 ], [ 72.165324702368167, 40.565266098447971 ], [ 72.165279067139153, 40.565266098447971 ], [ 72.165233433177775, 40.56524876480389 ], [ 72.165164980334239, 40.565231431155333 ], [ 72.165073711143833, 40.565196762881762 ], [ 72.164982441953427, 40.565179429219732 ], [ 72.164913989109891, 40.565144761882209 ], [ 72.164845537533992, 40.565127427243731 ], [ 72.164799902304978, 40.565075426190305 ], [ 72.164777085958107, 40.565006090426571 ], [ 72.164731450729079, 40.564954089278885 ], [ 72.16468581550005, 40.564884753389464 ], [ 72.16468581550005, 40.564850085899309 ], [ 72.164640181538672, 40.564798083667412 ], [ 72.164594546309644, 40.564746081395135 ], [ 72.164548911080615, 40.56469408004542 ], [ 72.164503277119252, 40.564659412456514 ], [ 72.164434824275716, 40.564607410076484 ], [ 72.164389190314324, 40.564607410076484 ], [ 72.164320737470788, 40.56459007626183 ], [ 72.164229468280382, 40.56459007626183 ], [ 72.164092563860947, 40.564572742442678 ], [ 72.164024112285048, 40.564555407656051 ], [ 72.163978477056034, 40.564555407656051 ], [ 72.163887207865628, 40.564520739995309 ], [ 72.163773121060714, 40.564486072316612 ], [ 72.16365903298815, 40.564468738470531 ], [ 72.163590581412251, 40.564434069801912 ], [ 72.163544946183237, 40.564399402078323 ], [ 72.163476494607337, 40.564364733373779 ], [ 72.163408041763788, 40.564312731727796 ], [ 72.16336240780241, 40.56429539783683 ], [ 72.163271138612004, 40.564226061265039 ], [ 72.163179868153961, 40.564174058548325 ], [ 72.163088598963554, 40.564070053956677 ], [ 72.16295169454412, 40.564000718114464 ], [ 72.162883242968221, 40.563948715222665 ], [ 72.162814790124699, 40.563896713253463 ], [ 72.162746338548814, 40.563827376268677 ], [ 72.162655069358394, 40.563792707267851 ], [ 72.162563798900351, 40.563740705177445 ], [ 72.162472529709945, 40.563706037094732 ], [ 72.16233562529051, 40.563654033973989 ], [ 72.162267173714611, 40.563619365846371 ], [ 72.162244356100103, 40.563619365846371 ], [ 72.162175903256568, 40.563584696737813 ], [ 72.16213026929519, 40.563567362658297 ], [ 72.16213026929519, 40.563550028574298 ], [ 72.162061816451654, 40.56351536039282 ], [ 72.162016182490277, 40.563463357123929 ], [ 72.161924912032205, 40.563411354777649 ], [ 72.16185646045632, 40.563359351427955 ], [ 72.161765191265928, 40.56330734803786 ], [ 72.161696738422393, 40.563238011405559 ], [ 72.161651104461015, 40.563186007921203 ], [ 72.161628286846494, 40.563151339551176 ], [ 72.161605469231972, 40.563099335999475 ], [ 72.161559834002944, 40.563029999151702 ], [ 72.161559834002944, 40.563012663965523 ], [ 72.161537016388436, 40.562977995505726 ], [ 72.161468564812552, 40.562925991819348 ], [ 72.161400113236652, 40.562856654792014 ], [ 72.161354478007624, 40.562804651011362 ], [ 72.161286025164088, 40.562787316729839 ], [ 72.161217573588189, 40.562804651011362 ], [ 72.161149122012304, 40.562839320523949 ], [ 72.16103503393974, 40.562873989055582 ], [ 72.160875313173449, 40.562908657569238 ], [ 72.160806860329913, 40.562960661269095 ], [ 72.160624321949086, 40.563047333370385 ], [ 72.160441782300651, 40.563116670200202 ], [ 72.160282061534346, 40.563168673738431 ], [ 72.160122339500404, 40.563238011405559 ], [ 72.159894165890563, 40.563324683147719 ], [ 72.159757261471128, 40.563376685561344 ], [ 72.159551904208172, 40.563463357123929 ], [ 72.159369365827359, 40.563550028574298 ], [ 72.159278096636953, 40.563584696737813 ], [ 72.159118374603011, 40.563654033973989 ], [ 72.158958652569069, 40.56372337113833 ], [ 72.158844565764142, 40.563775373242208 ], [ 72.158753296573749, 40.563862044288548 ], [ 72.158639209768822, 40.563948715222665 ], [ 72.158547939310765, 40.564018052081742 ], [ 72.158456670120373, 40.564087388869005 ], [ 72.158388218544474, 40.564174058548325 ], [ 72.158296948086431, 40.564243395173975 ], [ 72.15820567889601, 40.564330065614286 ], [ 72.158137227320125, 40.564434069801912 ], [ 72.158045956862068, 40.564503406158202 ], [ 72.158045956862068, 40.564520739995309 ], [ 72.157909053710284, 40.564659412456514 ], [ 72.157703696447328, 40.564867419646632 ], [ 72.157429887608458, 40.565127427243731 ], [ 72.157224531613124, 40.565335433942337 ], [ 72.157041991964689, 40.565526105459277 ], [ 72.157019175617819, 40.565543439031522 ], [ 72.156859453583863, 40.565751443474284 ], [ 72.156745366778949, 40.565872778940175 ], [ 72.156517193169108, 40.566150117009805 ], [ 72.156380288749688, 40.56630611946985 ], [ 72.156220566715746, 40.566462120603326 ], [ 72.156174931486703, 40.566531454858684 ], [ 72.156106479910832, 40.566618122336124 ], [ 72.155992393105905, 40.566756789488828 ], [ 72.15585548868647, 40.566860790868503 ], [ 72.155832671071963, 40.566895457317173 ], [ 72.155741401881556, 40.566999457518413 ], [ 72.155718584267049, 40.567016790709083 ], [ 72.155604497462122, 40.567120790721781 ], [ 72.155467593042687, 40.567311457152456 ], [ 72.155421957813672, 40.567363457431533 ], [ 72.155399141466802, 40.567398123619824 ], [ 72.155216601818339, 40.567675455368637 ], [ 72.155170966589324, 40.567727455364889 ], [ 72.154965610594004, 40.568039451605081 ], [ 72.154919975364962, 40.56809145035556 ], [ 72.154919975364962, 40.568074117443224 ], [ 72.154783072213178, 40.568004785748975 ], [ 72.154714619369656, 40.56795278596821 ], [ 72.1545548973357, 40.567848787248415 ], [ 72.154486445759801, 40.56790078614705 ], [ 72.154440810530787, 40.56795278596821 ], [ 72.154235454535467, 40.568143450028586 ], [ 72.153847558891684, 40.567935453019963 ], [ 72.153665020510886, 40.568126117129708 ], [ 72.153482480862422, 40.568316780696257 ], [ 72.152592602769943, 40.567848787248415 ], [ 72.152387246774623, 40.567762121364645 ], [ 72.151976533516333, 40.56760612229845 ], [ 72.151451733453129, 40.567415456707252 ], [ 72.151360464262723, 40.56738079052792 ], [ 72.151314829033694, 40.567398123619824 ], [ 72.151292012686824, 40.567415456707252 ], [ 72.151269195072302, 40.567450123831563 ], [ 72.151223559843288, 40.567467456905511 ], [ 72.150790030238127, 40.567866120219115 ], [ 72.150767212623606, 40.56790078614705 ], [ 72.149375352082444, 40.569322088175305 ], [ 72.148782100443341, 40.56992873286368 ], [ 72.148713647599806, 40.569998062564714 ], [ 72.146454726580657, 40.572251261856373 ], [ 72.146021196975497, 40.572719224516632 ], [ 72.145405127721887, 40.573360500545064 ], [ 72.145336674878351, 40.57337783305104 ], [ 72.145268223302466, 40.573412496123794 ], [ 72.145131318883017, 40.573429827653456 ], [ 72.145017232078104, 40.573447159178606 ], [ 72.144903145273204, 40.573464491662129 ], [ 72.144811874815133, 40.573499154690005 ], [ 72.144789058468277, 40.5735164861972 ], [ 72.144629336434335, 40.573533817699911 ], [ 72.144560883590799, 40.573551149198138 ], [ 72.144538067243928, 40.573551149198138 ], [ 72.144401162824494, 40.573568481654732 ], [ 72.144172989214667, 40.573620476108985 ], [ 72.143921997990319, 40.573707134405822 ], [ 72.143693823112827, 40.573776461155056 ], [ 72.143442831888478, 40.573863119249879 ], [ 72.143191840664144, 40.57394977723245 ], [ 72.142918033092926, 40.574071097834377 ], [ 72.142735493444462, 40.574123091898066 ], [ 72.142324780186172, 40.574296407077583 ], [ 72.141982519771418, 40.574435059283104 ], [ 72.141617441742156, 40.574608373654534 ], [ 72.141161094522488, 40.574781686614166 ], [ 72.140818832840083, 40.57490300667051 ], [ 72.140613476844763, 40.574989663306262 ], [ 72.140408120849443, 40.575024325543993 ], [ 72.140043042820167, 40.575145644197534 ], [ 72.139951772362124, 40.575162975278239 ], [ 72.139677964790891, 40.575266962631076 ], [ 72.139518242756964, 40.575301625687985 ], [ 72.139404155952036, 40.575336287764117 ], [ 72.139244433918094, 40.575370950785121 ], [ 72.13919879868908, 40.57538828180747 ], [ 72.139016260308253, 40.575405612825328 ], [ 72.138924991117861, 40.575405612825328 ], [ 72.138856538274325, 40.575422943838703 ], [ 72.138765269083919, 40.575440274847587 ], [ 72.138696816240369, 40.57549226881013 ], [ 72.13862836466447, 40.575613586615148 ], [ 72.138559913088585, 40.575786897933774 ], [ 72.138514277859571, 40.575890884316891 ], [ 72.138468642630542, 40.576029532255362 ], [ 72.138468642630542, 40.576116187432056 ], [ 72.138468642630542, 40.576133518261372 ], [ 72.138468642630542, 40.576202842496521 ], [ 72.138468642630542, 40.576237505068576 ], [ 72.138468642630542, 40.576289497448748 ], [ 72.138491460245064, 40.576376152288745 ], [ 72.138491460245064, 40.576428145523984 ], [ 72.138491460245064, 40.57646280701649 ], [ 72.138514277859571, 40.576688108205694 ], [ 72.138559913088585, 40.576861416740876 ], [ 72.13862836466447, 40.577052055418463 ], [ 72.13862836466447, 40.577173370395137 ], [ 72.13862836466447, 40.57727735462332 ], [ 72.138651182278991, 40.577364008183821 ], [ 72.13862836466447, 40.577450661632085 ], [ 72.138651182278991, 40.57751998450243 ], [ 72.138651182278991, 40.577537314968097 ], [ 72.138651182278991, 40.577606637748659 ], [ 72.138673999893498, 40.577693290882657 ], [ 72.138742451469398, 40.5779359182905 ], [ 72.138788086698426, 40.578039901333469 ], [ 72.138833720659804, 40.57816121548165 ], [ 72.138924991117861, 40.578247867897325 ], [ 72.138947807464717, 40.578334519237963 ], [ 72.138993442693732, 40.578438502624181 ], [ 72.138970625079239, 40.578507823508133 ], [ 72.139016260308253, 40.578611805662185 ], [ 72.139084711884152, 40.578715787654609 ], [ 72.139084711884152, 40.578819770448199 ], [ 72.139153164727702, 40.578923752117376 ], [ 72.139175982342209, 40.579027733624933 ], [ 72.139221616303587, 40.57913171497087 ], [ 72.139290069147108, 40.579218366129474 ], [ 72.1393357031085, 40.579287686205348 ], [ 72.139404155952036, 40.579374337161923 ], [ 72.139449789913414, 40.579460988006275 ], [ 72.139449789913414, 40.579530308793494 ], [ 72.139449789913414, 40.579564968678781 ], [ 72.139426973566557, 40.579668949189674 ], [ 72.139426973566557, 40.579772930501711 ], [ 72.139426973566557, 40.579859579866991 ], [ 72.139449789913414, 40.579963560882724 ], [ 72.139449789913414, 40.580067540774053 ], [ 72.139472607527935, 40.580119530177726 ], [ 72.139472607527935, 40.580171520503754 ], [ 72.139449789913414, 40.580258170315517 ], [ 72.139381338337515, 40.580362149748915 ], [ 72.139358520723007, 40.580466129020685 ], [ 72.139290069147108, 40.580604767477389 ], [ 72.139244433918094, 40.580708746372046 ], [ 72.139221616303587, 40.580760736240144 ], [ 72.139221616303587, 40.580778065866276 ], [ 72.139153164727702, 40.580864714892364 ], [ 72.139107529498659, 40.581003352522991 ], [ 72.139039077922774, 40.581176649879282 ], [ 72.139016260308253, 40.581297957376457 ], [ 72.139039077922774, 40.581419265616383 ], [ 72.139061895537282, 40.58150591381191 ], [ 72.139016260308253, 40.581575231517306 ], [ 72.138947807464717, 40.58166187951079 ], [ 72.138879355888832, 40.581783187090757 ], [ 72.138765269083919, 40.58197381174309 ], [ 72.138651182278991, 40.58212977635101 ], [ 72.13862836466447, 40.582147105622482 ], [ 72.138537095474078, 40.58223375287519 ], [ 72.138445825016021, 40.582320400015647 ], [ 72.138240469020701, 40.58240704704388 ], [ 72.138057930639903, 40.582476364778188 ], [ 72.137921026220454, 40.582528352309737 ], [ 72.137898208605947, 40.582528352309737 ], [ 72.13780693941554, 40.582563011604378 ], [ 72.137784121801033, 40.582580340763606 ], [ 72.137875390991439, 40.582649658318331 ], [ 72.137966660181831, 40.582701645715197 ], [ 72.137989477796353, 40.582736304920047 ], [ 72.138057930639903, 40.582753634034376 ], [ 72.138194833791687, 40.582840280501401 ], [ 72.138354555825615, 40.58297891403754 ], [ 72.138514277859571, 40.583065560212738 ], [ 72.138696816240369, 40.583152206275706 ], [ 72.138765269083919, 40.583186864284372 ], [ 72.138810904312948, 40.583204193281965 ], [ 72.138856538274325, 40.583238852226415 ], [ 72.138924991117861, 40.583273510190189 ], [ 72.139039077922774, 40.583360155983776 ], [ 72.139084711884152, 40.583377484936484 ], [ 72.139153164727702, 40.58342947273038 ], [ 72.1393357031085, 40.583550776142026 ], [ 72.139495425142442, 40.583637421576441 ], [ 72.139495425142442, 40.583654750457313 ], [ 72.139563877985978, 40.583689408205579 ], [ 72.139586694332849, 40.583706738035701 ], [ 72.139632329561877, 40.583741395757031 ], [ 72.139837685557197, 40.583828040944518 ], [ 72.139928956015254, 40.583914686019767 ], [ 72.140043042820167, 40.583984002191684 ], [ 72.140065859167038, 40.584018659769349 ], [ 72.140134312010574, 40.584087975833533 ], [ 72.14022558120098, 40.584139962112488 ], [ 72.140294034044516, 40.584261264235622 ], [ 72.140339668005893, 40.584365238409163 ], [ 72.140385303234922, 40.584451881825807 ], [ 72.140430938463936, 40.584538526092921 ], [ 72.140545025268864, 40.584711814290408 ], [ 72.14063629445927, 40.58486777347683 ], [ 72.140727563649676, 40.584989074280017 ], [ 72.140796016493226, 40.585110374863199 ], [ 72.140887285683618, 40.585231676189096 ], [ 72.140978554874025, 40.585335647891412 ], [ 72.14104700771756, 40.585404961628036 ], [ 72.141138276907967, 40.585456947846055 ], [ 72.141138276907967, 40.585474276255518 ], [ 72.141229546098373, 40.58556091919818 ], [ 72.141297998941909, 40.585612905294973 ], [ 72.141343632903286, 40.585664890388678 ], [ 72.141389268132315, 40.585716876404653 ], [ 72.141434903361343, 40.585751533084398 ], [ 72.141480537322721, 40.585786189746194 ], [ 72.141548990166257, 40.585838175667881 ], [ 72.141640259356663, 40.585924818139127 ], [ 72.141685894585677, 40.58597680299038 ], [ 72.141708710932562, 40.586011460498128 ], [ 72.141731528547055, 40.586028788763926 ], [ 72.141754346161576, 40.58608077353437 ], [ 72.141799981390605, 40.586167415691342 ], [ 72.141822797737476, 40.586236729528636 ], [ 72.141891250581025, 40.586340699668547 ], [ 72.14193688581004, 40.586444669646824 ], [ 72.142028155000432, 40.586513983196781 ], [ 72.142050972614953, 40.586600624792531 ], [ 72.142096606576331, 40.586687266276051 ], [ 72.142165059419881, 40.586756579574569 ], [ 72.142210693381259, 40.586808563779329 ], [ 72.142256328610287, 40.586912533030279 ], [ 72.142279146224794, 40.586981846095348 ], [ 72.142347597800679, 40.587137799988419 ], [ 72.142393233029694, 40.587276424617123 ], [ 72.142461684605607, 40.587415048958484 ], [ 72.142484502220114, 40.587553673975151 ], [ 72.142530137449143, 40.587674969907034 ], [ 72.142552955063664, 40.587796265618927 ], [ 72.142552955063664, 40.587900233334409 ], [ 72.142552955063664, 40.587986873134277 ], [ 72.142552955063664, 40.5880042018509 ], [ 72.142552955063664, 40.58805618508589 ], [ 72.14257577141052, 40.588090840553427 ], [ 72.14257577141052, 40.588160152397286 ], [ 72.142598589025042, 40.588281447229193 ], [ 72.142621406639549, 40.588385415153049 ], [ 72.142621406639549, 40.588454725728944 ], [ 72.142621406639549, 40.588576020989223 ], [ 72.142644224254056, 40.588697315066845 ], [ 72.142667041868563, 40.588801281381535 ], [ 72.142667041868563, 40.588853263996938 ], [ 72.142689858215434, 40.589043868499665 ], [ 72.142689858215434, 40.589095851889148 ], [ 72.142644224254056, 40.589182490140054 ], [ 72.142621406639549, 40.589199817584237 ], [ 72.142530137449143, 40.589269128278723 ], [ 72.142484502220114, 40.589338438901358 ], [ 72.142461684605607, 40.589373093704424 ], [ 72.142461684605607, 40.589407748489528 ], [ 72.142484502220114, 40.589459731596158 ], [ 72.142530137449143, 40.589477058968498 ], [ 72.14257577141052, 40.589494386336362 ], [ 72.142712675829941, 40.589511713699736 ], [ 72.142826762634868, 40.589546369375633 ], [ 72.142849580249376, 40.589546369375633 ], [ 72.142895215478404, 40.589563696725534 ], [ 72.142918033092926, 40.589581024070945 ], [ 72.142940849439782, 40.58963300704287 ], [ 72.142940849439782, 40.589702316325749 ], [ 72.142940849439782, 40.589823609323169 ], [ 72.142963667054303, 40.58991024663122 ], [ 72.142963667054303, 40.5900142110602 ], [ 72.142963667054303, 40.590083519947981 ], [ 72.142918033092926, 40.590152829726541 ], [ 72.142895215478404, 40.59020481225398 ], [ 72.142918033092926, 40.590239466608075 ], [ 72.142963667054303, 40.590291448105539 ], [ 72.143032119897839, 40.59032610337735 ], [ 72.143100571473724, 40.590343430525223 ], [ 72.143123389088245, 40.590378084807476 ], [ 72.143146206702767, 40.590412740034388 ], [ 72.14326029350768, 40.590516703682148 ], [ 72.143374380312579, 40.590637994239813 ], [ 72.143488467117507, 40.590741957537361 ], [ 72.143579736307913, 40.590863247686471 ], [ 72.143671006765956, 40.590967211596428 ], [ 72.143785093570884, 40.591105828287269 ], [ 72.143853545146783, 40.591175137006232 ], [ 72.14387636276129, 40.591209790857476 ], [ 72.143921997990319, 40.591261772563271 ], [ 72.143944814337189, 40.591279099468686 ], [ 72.143990449566203, 40.591313753266057 ], [ 72.144013267180711, 40.591313753266057 ], [ 72.144058902409739, 40.591348408008059 ], [ 72.144127353985638, 40.591400388643493 ], [ 72.144127353985638, 40.591435042378002 ], [ 72.144104536371117, 40.591539005398985 ], [ 72.144013267180711, 40.591798909356463 ], [ 72.143944814337189, 40.59209346665962 ], [ 72.143899180375811, 40.592405350241393 ], [ 72.14387636276129, 40.59268257737326 ], [ 72.143853545146783, 40.592959804318319 ], [ 72.143830727532261, 40.593098417841112 ], [ 72.143830727532261, 40.593219703715896 ], [ 72.143807911185405, 40.59344494846578 ], [ 72.143785093570884, 40.593635539880729 ], [ 72.143785093570884, 40.593756825743789 ], [ 72.143785093570884, 40.593860784192337 ], [ 72.143785093570884, 40.593878110424292 ], [ 72.143785093570884, 40.593964742479244 ], [ 72.143785093570884, 40.59403404823491 ], [ 72.143807911185405, 40.594155332412534 ], [ 72.143807911185405, 40.594172658568155 ], [ 72.143807911185405, 40.594207310865926 ], [ 72.143830727532261, 40.594241964108299 ], [ 72.143830727532261, 40.594276616370159 ], [ 72.143785093570884, 40.594276616370159 ], [ 72.143739458341855, 40.594276616370159 ], [ 72.143671006765956, 40.594276616370159 ], [ 72.143648189151449, 40.594276616370159 ], [ 72.143579736307913, 40.594276616370159 ], [ 72.143488467117507, 40.594259290241482 ], [ 72.143442831888478, 40.594259290241482 ], [ 72.143351562698072, 40.594259290241482 ], [ 72.14326029350768, 40.594276616370159 ], [ 72.143237475893159, 40.594276616370159 ], [ 72.14316902431726, 40.594276616370159 ], [ 72.143123389088245, 40.594276616370159 ], [ 72.143054937512346, 40.594276616370159 ], [ 72.142963667054303, 40.594259290241482 ], [ 72.142895215478404, 40.594259290241482 ], [ 72.142826762634868, 40.594259290241482 ], [ 72.142758311058984, 40.594259290241482 ], [ 72.142689858215434, 40.594241964108299 ], [ 72.142667041868563, 40.594224637970648 ], [ 72.142552955063664, 40.594224637970648 ], [ 72.142416050644215, 40.594207310865926 ], [ 72.142119424190838, 40.594189984719293 ], [ 72.14195970215691, 40.594172658568155 ], [ 72.141777163776098, 40.594138006252422 ], [ 72.141571806513127, 40.594120680087826 ], [ 72.141434903361343, 40.594103352956168 ], [ 72.141297998941909, 40.594086026782591 ], [ 72.141206728483866, 40.594068700604517 ], [ 72.141138276907967, 40.594068700604517 ], [ 72.140932920912633, 40.594016721080806 ], [ 72.140818832840083, 40.593999394884776 ], [ 72.140750381264183, 40.593982068684255 ], [ 72.140659112073777, 40.593964742479244 ], [ 72.140522207654357, 40.593947416269742 ], [ 72.140339668005893, 40.593912762874709 ], [ 72.140202763586458, 40.593930090055757 ], [ 72.140179947239602, 40.593930090055757 ], [ 72.140157129625081, 40.593947416269742 ], [ 72.140065859167038, 40.593964742479244 ], [ 72.139951772362124, 40.593982068684255 ], [ 72.139951772362124, 40.593964742479244 ], [ 72.139951772362124, 40.593930090055757 ], [ 72.139951772362124, 40.593895436651742 ], [ 72.139883320786225, 40.593479602103265 ], [ 72.139837685557197, 40.593167724494748 ], [ 72.139837685557197, 40.593098417841112 ], [ 72.139837685557197, 40.593081091407129 ], [ 72.139769233981298, 40.593029111115634 ], [ 72.139632329561877, 40.593029111115634 ], [ 72.139472607527935, 40.593029111115634 ], [ 72.139153164727702, 40.59301178466368 ], [ 72.138970625079239, 40.59301178466368 ], [ 72.138696816240369, 40.59301178466368 ], [ 72.138491460245064, 40.592994458207244 ], [ 72.138308921864237, 40.592994458207244 ], [ 72.138126382215788, 40.592994458207244 ], [ 72.138035113025381, 40.592977131746323 ], [ 72.137921026220454, 40.592977131746323 ], [ 72.137875390991439, 40.592959804318319 ], [ 72.13780693941554, 40.592959804318319 ], [ 72.137761304186526, 40.592959804318319 ], [ 72.13767003499612, 40.592959804318319 ], [ 72.137555948191192, 40.592925151374018 ], [ 72.137441861386279, 40.592925151374018 ], [ 72.137373408542743, 40.59294247784841 ], [ 72.137304956966844, 40.592959804318319 ], [ 72.137236504123308, 40.592977131746323 ], [ 72.137145234932902, 40.592959804318319 ], [ 72.137122417318395, 40.592959804318319 ], [ 72.137031148127974, 40.592925151374018 ], [ 72.137031148127974, 40.592907824895128 ], [ 72.136871426094046, 40.592838517972098 ], [ 72.136506348064785, 40.59268257737326 ], [ 72.13627817445493, 40.592647924285281 ], [ 72.136232539225915, 40.592647924285281 ], [ 72.135981548001553, 40.592665250831516 ], [ 72.135707739162697, 40.592630597734562 ], [ 72.135570836010913, 40.592613271179339 ], [ 72.135502383167378, 40.592578617092862 ], [ 72.135342661133436, 40.592561290524174 ], [ 72.134612505074898, 40.592509310791186 ], [ 72.134589687460391, 40.592457330055204 ], [ 72.13456687111352, 40.592405350241393 ], [ 72.134315879889172, 40.592405350241393 ], [ 72.134064888664838, 40.592405350241393 ], [ 72.134042071050317, 40.592405350241393 ], [ 72.134019253435795, 40.592353369424593 ], [ 72.134019253435795, 40.592284061926854 ], [ 72.133996435821288, 40.592249408632341 ], [ 72.133996435821288, 40.592180101026862 ], [ 72.133996435821288, 40.59212812099755 ], [ 72.133996435821288, 40.592041486562955 ], [ 72.133996435821288, 40.592006832180139 ], [ 72.133996435821288, 40.59195485201613 ], [ 72.133973618206767, 40.591902870849125 ], [ 72.133973618206767, 40.59183356384704 ], [ 72.133973618206767, 40.591816236122696 ], [ 72.133973618206767, 40.591746929030819 ], [ 72.13395080059226, 40.591625639521986 ], [ 72.13395080059226, 40.591556332232557 ], [ 72.133927984245389, 40.591504350755741 ], [ 72.133927984245389, 40.59146969705715 ], [ 72.133905166630882, 40.591400388643493 ], [ 72.133905166630882, 40.591383061769506 ], [ 72.133836713787346, 40.591244444690759 ], [ 72.133813897440476, 40.591244444690759 ], [ 72.133791079825983, 40.591227117776356 ], [ 72.133791079825983, 40.591209790857476 ], [ 72.133768262211461, 40.5911924639341 ], [ 72.133768262211461, 40.591175137006232 ], [ 72.13374544459694, 40.591157810073881 ], [ 72.133676993021055, 40.591071174382144 ], [ 72.133608540177505, 40.590984538578169 ], [ 72.133608540177505, 40.590967211596428 ], [ 72.133562906216127, 40.590915229661654 ], [ 72.133517270987113, 40.590880575657749 ], [ 72.133517270987113, 40.590845920673289 ], [ 72.133448819411214, 40.59079393960684 ], [ 72.133426001796707, 40.590776612575709 ], [ 72.1334031841822, 40.590776612575709 ], [ 72.133357548953157, 40.590724630492772 ], [ 72.133357548953157, 40.590707303443686 ], [ 72.133311914991779, 40.59067264836942 ], [ 72.133266279762751, 40.590603340092244 ], [ 72.133266279762751, 40.59058601301173 ], [ 72.133243462148243, 40.590534030780624 ], [ 72.133197828186866, 40.590516703682148 ], [ 72.133197828186866, 40.590499376579182 ], [ 72.13312937534333, 40.590430067159808 ], [ 72.133106557728823, 40.590395412904485 ], [ 72.133083740114301, 40.590343430525223 ], [ 72.132992470923895, 40.590222139433273 ], [ 72.132924019347996, 40.590152829726541 ], [ 72.13285556650446, 40.590118175327554 ], [ 72.132787114928576, 40.590083519947981 ], [ 72.13271866208504, 40.590048865513083 ], [ 72.132673028123662, 40.5900142110602 ], [ 72.132604575280112, 40.589962228384607 ], [ 72.132558941318734, 40.58992757388684 ], [ 72.132536123704227, 40.589892918408495 ], [ 72.132490488475199, 40.589875591143894 ], [ 72.132444854513821, 40.589806281077983 ], [ 72.132444854513821, 40.589771626499399 ], [ 72.132467670860692, 40.589702316325749 ], [ 72.132444854513821, 40.589667661693284 ], [ 72.132422036899314, 40.589615678748302 ], [ 72.132399219284792, 40.589563696725534 ], [ 72.132330766441257, 40.589477058968498 ], [ 72.13223949725085, 40.589373093704424 ], [ 72.132125410445937, 40.589251800852487 ], [ 72.132102592831416, 40.589251800852487 ], [ 72.132079775216909, 40.589217145023937 ], [ 72.132056958870038, 40.589199817584237 ], [ 72.132034141255531, 40.589182490140054 ], [ 72.13194287206511, 40.589130506817924 ], [ 72.131897236836096, 40.589095851889148 ], [ 72.131874419221575, 40.589095851889148 ], [ 72.131874419221575, 40.58906119694241 ], [ 72.131783150031183, 40.588957231031813 ], [ 72.131691880840776, 40.588818608924484 ], [ 72.131600610382719, 40.588679987492469 ], [ 72.131509341192313, 40.588593348590543 ], [ 72.131349619158371, 40.58842007044997 ], [ 72.131326802811515, 40.588385415153049 ], [ 72.131303985196993, 40.588333431211318 ], [ 72.131281167582472, 40.588316103542653 ], [ 72.131212714738936, 40.588194808773601 ], [ 72.131075811587152, 40.587986873134277 ], [ 72.131052993972659, 40.587917562073478 ], [ 72.130938907167732, 40.587761609998743 ], [ 72.130847636709674, 40.587605657560331 ], [ 72.130756367519282, 40.587484361502732 ], [ 72.130665098328876, 40.587363065225141 ], [ 72.130596645485326, 40.587259096674579 ], [ 72.130573829138456, 40.587207111857353 ], [ 72.13050537629492, 40.587120471047307 ], [ 72.130459741065906, 40.587051159088574 ], [ 72.130368471875499, 40.586964518076478 ], [ 72.130277202685093, 40.586877876952144 ], [ 72.130254385070572, 40.5868258918386 ], [ 72.13023156745605, 40.586791235715566 ], [ 72.130208749841557, 40.586773907647313 ], [ 72.130140298265658, 40.586721922452952 ], [ 72.130071846689773, 40.586704594366743 ], [ 72.129980576231716, 40.586704594366743 ], [ 72.129912124655817, 40.586687266276051 ], [ 72.129820855465411, 40.586669938180854 ], [ 72.129820855465411, 40.586652609118509 ], [ 72.129752402621875, 40.586652609118509 ], [ 72.12968395104599, 40.586669938180854 ], [ 72.129638315816962, 40.586669938180854 ], [ 72.129615498202455, 40.586669938180854 ], [ 72.129547046626556, 40.586669938180854 ], [ 72.12947859378302, 40.586704594366743 ], [ 72.129410142207135, 40.586704594366743 ], [ 72.129341689363599, 40.586704594366743 ], [ 72.1292732377877, 40.586721922452952 ], [ 72.129204786211801, 40.58673925053467 ], [ 72.129113515753758, 40.58673925053467 ], [ 72.129045064177859, 40.58673925053467 ], [ 72.128999428948831, 40.58673925053467 ], [ 72.128885342143917, 40.58673925053467 ], [ 72.128839706914889, 40.586721922452952 ], [ 72.128771255339004, 40.586704594366743 ], [ 72.128725620109975, 40.586704594366743 ], [ 72.128657168534076, 40.586687266276051 ], [ 72.128543081729148, 40.586669938180854 ], [ 72.128474628885627, 40.586669938180854 ], [ 72.128383359695221, 40.586687266276051 ], [ 72.128292090504814, 40.586721922452952 ], [ 72.128246455275786, 40.586756579574569 ], [ 72.12815518608538, 40.586773907647313 ], [ 72.128109550856365, 40.586773907647313 ], [ 72.128063916894973, 40.586791235715566 ], [ 72.127995464051438, 40.586791235715566 ], [ 72.127904194861031, 40.586773907647313 ], [ 72.127790108056118, 40.586773907647313 ], [ 72.127721655212582, 40.586791235715566 ], [ 72.127561934446277, 40.586808563779329 ], [ 72.127402212412335, 40.586791235715566 ], [ 72.127288125607421, 40.586808563779329 ], [ 72.127196856417015, 40.586808563779329 ], [ 72.127059951997595, 40.586808563779329 ], [ 72.126945865192667, 40.5868258918386 ], [ 72.126808960773232, 40.5868258918386 ], [ 72.126717690315189, 40.586843219893375 ], [ 72.126603603510276, 40.586860548906337 ], [ 72.126421065129449, 40.586877876952144 ], [ 72.126329795939057, 40.586860548906337 ], [ 72.126215707866493, 40.586860548906337 ], [ 72.126170073905115, 40.586860548906337 ], [ 72.126055987100187, 40.586860548906337 ], [ 72.125987534256652, 40.586860548906337 ], [ 72.125941900295274, 40.586877876952144 ], [ 72.125873447451724, 40.586877876952144 ], [ 72.125804995875839, 40.586877876952144 ], [ 72.125713725417796, 40.586860548906337 ], [ 72.12562245622739, 40.586860548906337 ], [ 72.125508369422462, 40.586860548906337 ], [ 72.125439917846563, 40.586877876952144 ], [ 72.125394282617549, 40.586895204993453 ], [ 72.125257378198114, 40.586877876952144 ], [ 72.125052022202794, 40.586860548906337 ], [ 72.124915117783374, 40.586860548906337 ], [ 72.124801030978446, 40.586860548906337 ], [ 72.124618491329997, 40.586843219893375 ], [ 72.124550039754098, 40.586843219893375 ], [ 72.124458770563692, 40.586843219893375 ], [ 72.124344682491127, 40.586808563779329 ], [ 72.124321866144271, 40.586808563779329 ], [ 72.124207779339343, 40.586791235715566 ], [ 72.124116508881286, 40.586808563779329 ], [ 72.123979604461866, 40.586791235715566 ], [ 72.123888335271459, 40.586791235715566 ], [ 72.123842700042431, 40.586791235715566 ], [ 72.123705796890647, 40.586773907647313 ], [ 72.12361452643259, 40.586773907647313 ], [ 72.123568892471212, 40.586773907647313 ], [ 72.12340917043727, 40.586756579574569 ], [ 72.123295083632357, 40.586756579574569 ], [ 72.123180996827429, 40.58673925053467 ], [ 72.123112543983893, 40.58673925053467 ], [ 72.123044092408009, 40.58673925053467 ], [ 72.122930005603095, 40.586704594366743 ], [ 72.122838736412689, 40.586704594366743 ], [ 72.122770283569153, 40.586687266276051 ], [ 72.122701831993254, 40.586704594366743 ], [ 72.122587745188341, 40.586687266276051 ], [ 72.122496474730283, 40.586669938180854 ], [ 72.122336753963992, 40.586652609118509 ], [ 72.122222665891428, 40.586652609118509 ], [ 72.122131396701008, 40.586635281014345 ], [ 72.122017309896108, 40.586617952905684 ], [ 72.121926040705688, 40.586583296674902 ], [ 72.121857587862152, 40.586565968552769 ], [ 72.121766318671746, 40.586548639463487 ], [ 72.121675049481354, 40.586548639463487 ], [ 72.121606596637818, 40.586548639463487 ], [ 72.121515327447412, 40.586531311332372 ], [ 72.121424058256991, 40.586496655056699 ], [ 72.121332789066585, 40.586461997800377 ], [ 72.121218702261672, 40.586444669646824 ], [ 72.121150249418136, 40.586427341488786 ], [ 72.121013344998715, 40.586427341488786 ], [ 72.120922075808309, 40.586410013326251 ], [ 72.120853622964773, 40.586375356987709 ], [ 72.120739536159846, 40.586358027849037 ], [ 72.120579815393555, 40.586340699668547 ], [ 72.120511362550005, 40.586340699668547 ], [ 72.120442910974106, 40.586306043294087 ], [ 72.120374458130584, 40.586288715100132 ], [ 72.120283188940178, 40.586271385939 ], [ 72.120146284520743, 40.586254057736056 ], [ 72.119963746139931, 40.586219401316711 ], [ 72.11982684172051, 40.586202073100303 ], [ 72.119712754915582, 40.586184744879404 ], [ 72.119644302072061, 40.586184744879404 ], [ 72.119575850496162, 40.586184744879404 ], [ 72.119461763691234, 40.586167415691342 ], [ 72.119279224042785, 40.586184744879404 ], [ 72.11914231962335, 40.586184744879404 ], [ 72.119028232818437, 40.586184744879404 ], [ 72.118800059208596, 40.586150087461462 ], [ 72.118594703213276, 40.586132759227091 ], [ 72.118343711988928, 40.586098102744884 ], [ 72.118229623916363, 40.58608077353437 ], [ 72.118069903150058, 40.58608077353437 ], [ 72.117796094311203, 40.586063445282051 ], [ 72.117567920701376, 40.586011460498128 ], [ 72.11740819866742, 40.586028788763926 ], [ 72.117271294247999, 40.586028788763926 ], [ 72.117134389828564, 40.585994132227846 ], [ 72.116997485409129, 40.58597680299038 ], [ 72.116860580989709, 40.585959474711125 ], [ 72.116700860223403, 40.585942146427371 ], [ 72.116541138189461, 40.585942146427371 ], [ 72.116518320574954, 40.585942146427371 ], [ 72.116381416155505, 40.585924818139127 ], [ 72.116198877774707, 40.585907489846399 ], [ 72.115993520511736, 40.585872832284785 ], [ 72.115925068935852, 40.585855503978571 ], [ 72.115674077711489, 40.585803519033043 ], [ 72.115468721716169, 40.585751533084398 ], [ 72.115354633643605, 40.585716876404653 ], [ 72.115149277648285, 40.585699547095359 ], [ 72.114966739267487, 40.585699547095359 ], [ 72.114784199619024, 40.585699547095359 ], [ 72.114441939204269, 40.585734204746771 ], [ 72.114190947979935, 40.585786189746194 ], [ 72.113871503912037, 40.585855503978571 ], [ 72.113529243497283, 40.585890160586487 ], [ 72.113095713892122, 40.585924818139127 ], [ 72.112776269824224, 40.58597680299038 ], [ 72.112479644638512, 40.585994132227846 ], [ 72.112319922604556, 40.586011460498128 ], [ 72.112228653414164, 40.586011460498128 ], [ 72.112023296151179, 40.586046117025234 ], [ 72.111772304926845, 40.586063445282051 ], [ 72.111544131317004, 40.58608077353437 ], [ 72.111384409283062, 40.58608077353437 ], [ 72.111315957707163, 40.586115430988229 ], [ 72.111270322478148, 40.586132759227091 ], [ 72.111270322478148, 40.586167415691342 ], [ 72.111270322478148, 40.586219401316711 ], [ 72.111270322478148, 40.586236729528636 ], [ 72.111293140092656, 40.586288715100132 ], [ 72.111293140092656, 40.586306043294087 ], [ 72.111315957707163, 40.586340699668547 ], [ 72.111293140092656, 40.586392685159225 ], [ 72.111247504863627, 40.586427341488786 ], [ 72.111156235673221, 40.586479326912119 ], [ 72.111133418058714, 40.586496655056699 ], [ 72.111087784097322, 40.586513983196781 ], [ 72.111042148868307, 40.586548639463487 ], [ 72.110996513639279, 40.586565968552769 ], [ 72.110950879677901, 40.586617952905684 ], [ 72.110882426834365, 40.586669938180854 ], [ 72.110813975258466, 40.586721922452952 ], [ 72.110791157643959, 40.58673925053467 ], [ 72.110768340029452, 40.586756579574569 ], [ 72.110745522414931, 40.586791235715566 ], [ 72.110677070839046, 40.586843219893375 ], [ 72.110631435610017, 40.586877876952144 ], [ 72.110585801648639, 40.586895204993453 ], [ 72.110403262000176, 40.586964518076478 ], [ 72.110334810424277, 40.586999174109721 ], [ 72.110289175195263, 40.586999174109721 ], [ 72.110243539966234, 40.587033830125002 ], [ 72.11010663681445, 40.587068487084991 ], [ 72.110061001585422, 40.587085815076911 ], [ 72.110015366356407, 40.587085815076911 ], [ 72.109878461936972, 40.587137799988419 ], [ 72.109832827975595, 40.587137799988419 ], [ 72.109787192746566, 40.587137799988419 ], [ 72.109741557517538, 40.587137799988419 ], [ 72.109604654365754, 40.58715512796239 ], [ 72.109467749946333, 40.587137799988419 ], [ 72.109330845526884, 40.587120471047307 ], [ 72.109193941107463, 40.587137799988419 ], [ 72.109125488263928, 40.587172455931871 ], [ 72.10907985430255, 40.587207111857353 ], [ 72.108988583844493, 40.587241768727552 ], [ 72.108897314654087, 40.587311080488732 ], [ 72.108806045463695, 40.587363065225141 ], [ 72.108577871853839, 40.587449705720907 ], [ 72.108304063014984, 40.587536346104443 ], [ 72.10818997621007, 40.587588329703095 ], [ 72.108167158595563, 40.587588329703095 ], [ 72.108144340981042, 40.587605657560331 ], [ 72.108053071790636, 40.587640314223997 ], [ 72.107961802600229, 40.587692297741825 ], [ 72.107938984985722, 40.587726954360591 ], [ 72.107893349756694, 40.587761609998743 ], [ 72.107847715795316, 40.587761609998743 ], [ 72.107802080566287, 40.587778937811073 ], [ 72.107710811375881, 40.587778937811073 ], [ 72.107665176146867, 40.587796265618927 ], [ 72.107573906956461, 40.587830922183819 ], [ 72.107391367307997, 40.587882905553492 ], [ 72.10716319369817, 40.5880042018509 ], [ 72.106866567244793, 40.588160152397286 ], [ 72.106798115668909, 40.588194808773601 ], [ 72.106752480439866, 40.588212136473693 ], [ 72.106706846478488, 40.588281447229193 ], [ 72.106684028863981, 40.588333431211318 ], [ 72.106638393634938, 40.588385415153049 ], [ 72.106592759673575, 40.58842007044997 ], [ 72.106569942059053, 40.588454725728944 ], [ 72.106547124444546, 40.588558692420762 ], [ 72.106524306830039, 40.588714642636752 ], [ 72.106478672868661, 40.588818608924484 ], [ 72.106478672868661, 40.588870592489073 ], [ 72.106501489215532, 40.588957231031813 ], [ 72.106501489215532, 40.588974558534368 ], [ 72.106524306830039, 40.588991886032424 ], [ 72.106547124444546, 40.58906119694241 ], [ 72.106638393634938, 40.589217145023937 ], [ 72.106706846478488, 40.58935576630514 ], [ 72.106775298054387, 40.589511713699736 ], [ 72.106798115668909, 40.58952904202124 ], [ 72.106912202473808, 40.589719644597871 ], [ 72.106957837702836, 40.589840936601234 ], [ 72.106980655317344, 40.58985826387481 ], [ 72.107003471664214, 40.589892918408495 ], [ 72.107026289278721, 40.589979555626755 ], [ 72.107117558469142, 40.590152829726541 ], [ 72.107186011312677, 40.590291448105539 ], [ 72.107300098117591, 40.59055135787461 ], [ 72.107391367307997, 40.590707303443686 ], [ 72.107437002537026, 40.590863247686471 ], [ 72.107459820151547, 40.590984538578169 ], [ 72.107505454112925, 40.591157810073881 ], [ 72.107551089341939, 40.591331080158 ], [ 72.107596724570968, 40.59146969705715 ], [ 72.107642358532345, 40.591625639521986 ], [ 72.107665176146867, 40.59172960224663 ], [ 72.10768799376136, 40.591764255810524 ], [ 72.107710811375881, 40.591850890604292 ], [ 72.107733628990403, 40.591920198551009 ], [ 72.107802080566287, 40.592058813266334 ], [ 72.107847715795316, 40.592197427694323 ], [ 72.107893349756694, 40.592353369424593 ], [ 72.107916167371201, 40.592474656650815 ], [ 72.107961802600229, 40.592543963950995 ], [ 72.107961802600229, 40.592595944619639 ], [ 72.108007436561607, 40.592699904873108 ], [ 72.108098707019664, 40.592855844468943 ], [ 72.108167158595563, 40.592977131746323 ], [ 72.10825842778597, 40.5931850509063 ], [ 72.108349698244012, 40.593392969419732 ], [ 72.108418149819911, 40.593548908361804 ], [ 72.108440967434419, 40.593548908361804 ], [ 72.108509419010304, 40.593670193419442 ], [ 72.108555054239332, 40.593739499480414 ], [ 72.108623505815231, 40.593791478257081 ], [ 72.108737592620145, 40.593947416269742 ], [ 72.108874497039579, 40.594138006252422 ], [ 72.108897314654087, 40.594172658568155 ], [ 72.10907985430255, 40.594397900107779 ], [ 72.109102671917071, 40.594415227163104 ], [ 72.109239575068855, 40.594657793915474 ], [ 72.109308027912377, 40.594744424960211 ], [ 72.109330845526884, 40.594779076961657 ], [ 72.109330845526884, 40.594813729907692 ], [ 72.109353663141405, 40.594865707849245 ], [ 72.10928521029787, 40.594969664573682 ], [ 72.109216758721985, 40.595142925742721 ], [ 72.109148305878449, 40.595281534739705 ], [ 72.109102671917071, 40.595368164976257 ], [ 72.109034219073521, 40.595506772543743 ], [ 72.109011401459, 40.595524098349152 ], [ 72.108988583844493, 40.595524098349152 ], [ 72.108965767497622, 40.595524098349152 ], [ 72.108965767497622, 40.595541424150078 ], [ 72.108874497039579, 40.595558750909049 ], [ 72.108851680692709, 40.595576076700993 ], [ 72.108783227849173, 40.59561072827141 ], [ 72.108714776273288, 40.595628054049882 ], [ 72.108600689468361, 40.595662706555906 ], [ 72.108532236624825, 40.595697358081431 ], [ 72.108349698244012, 40.595766662041129 ], [ 72.10812152336652, 40.595835964966447 ], [ 72.107984620214737, 40.59588794307583 ], [ 72.107824898180809, 40.595939921144812 ], [ 72.10716319369817, 40.596165156730834 ], [ 72.106524306830039, 40.596390391558053 ], [ 72.106501489215532, 40.59640771713449 ], [ 72.106159228800763, 40.596528997968839 ], [ 72.105976690419965, 40.596598300103942 ], [ 72.105794150771501, 40.596667603129738 ], [ 72.105680063966588, 40.596702255096957 ], [ 72.10542907274224, 40.596788882530113 ], [ 72.105132446288863, 40.596910162672998 ], [ 72.104904272679022, 40.596979464412996 ], [ 72.10481300348863, 40.597014116218574 ], [ 72.104676099069181, 40.597048767043674 ], [ 72.104516377035253, 40.597100744210167 ], [ 72.104402290230325, 40.597152720373735 ], [ 72.104356656268948, 40.597170045752598 ], [ 72.10424256946402, 40.597222022824802 ], [ 72.104174116620499, 40.597256673542141 ], [ 72.104082847430092, 40.597308650546992 ], [ 72.103991578239686, 40.59736062654892 ], [ 72.103923125396136, 40.597429928784486 ], [ 72.103831856205744, 40.597516556237274 ], [ 72.10378622097673, 40.597585858311199 ], [ 72.103763403362208, 40.597655159350758 ], [ 72.103694951786309, 40.597759112700437 ], [ 72.103649316557281, 40.597863064925967 ], [ 72.103558047366874, 40.59800166732105 ], [ 72.103466778176482, 40.598122944301352 ], [ 72.103398325332947, 40.598209570856149 ], [ 72.103329873757048, 40.598330848421796 ], [ 72.103284238528019, 40.598417473744696 ], [ 72.10321578695212, 40.598504099917854 ], [ 72.103170151723106, 40.598608050984957 ], [ 72.103124516494077, 40.598712002852928 ], [ 72.103078882532699, 40.598798627681937 ], [ 72.103056064918178, 40.598815953596763 ], [ 72.103010429689164, 40.598902579253568 ], [ 72.102987613342279, 40.598937229099867 ], [ 72.102896342884236, 40.599093155110921 ], [ 72.102873525269729, 40.599127804858433 ], [ 72.102805073693844, 40.599197105262071 ], [ 72.102736622117945, 40.599266404631379 ], [ 72.102668169274395, 40.599335704891338 ], [ 72.102622534045381, 40.599405005079461 ], [ 72.102622534045381, 40.599456979451539 ], [ 72.102622534045381, 40.59949162997296 ], [ 72.102599717698496, 40.599612904250293 ], [ 72.102531264854974, 40.599734178307621 ], [ 72.102508447240467, 40.599786153386248 ], [ 72.102462813279075, 40.599872777785855 ], [ 72.102439995664568, 40.599924751794241 ], [ 72.102371544088683, 40.599994051371716 ], [ 72.102303091245133, 40.600063350877356 ], [ 72.102234639669234, 40.600149974917755 ], [ 72.102211822054727, 40.600219273299267 ], [ 72.102234639669234, 40.600288572571422 ], [ 72.10218900444022, 40.600375196319966 ], [ 72.102143369211191, 40.600444495430487 ], [ 72.102097735249828, 40.600513793506686 ], [ 72.102029282406278, 40.600583092473514 ], [ 72.101960830830379, 40.600687040307825 ], [ 72.101869561639973, 40.600756339095057 ], [ 72.101801108796451, 40.600894935491525 ], [ 72.101709839606045, 40.600998882840912 ], [ 72.101664204377002, 40.601085505668998 ], [ 72.101595752801117, 40.601172128384839 ], [ 72.101550117572089, 40.601206778017222 ], [ 72.10150448234306, 40.601258750988421 ], [ 72.101481665996204, 40.601310724881685 ], [ 72.101481665996204, 40.601328049182968 ], [ 72.101458848381682, 40.601328049182968 ], [ 72.101390395538147, 40.601397347305664 ], [ 72.101344761576769, 40.601449320128701 ], [ 72.10129912634774, 40.601518618125681 ], [ 72.101276308733219, 40.601570590854429 ], [ 72.101230674771841, 40.60162256450522 ], [ 72.101207857157334, 40.601691862322589 ], [ 72.101162221928305, 40.60174383491664 ], [ 72.101139404313813, 40.601795808432726 ], [ 72.101116587966942, 40.601865106070498 ], [ 72.101070952737913, 40.601934402673976 ], [ 72.101048135123406, 40.601969051911226 ], [ 72.101048135123406, 40.602021024289755 ], [ 72.101025317508885, 40.602038348406943 ], [ 72.101002499894363, 40.602055673482106 ], [ 72.100979683547507, 40.602072997590312 ], [ 72.100956865932986, 40.602124969888024 ], [ 72.100956865932986, 40.602159619026494 ], [ 72.100934048318479, 40.60221159125684 ], [ 72.100934048318479, 40.602280888463561 ], [ 72.100934048318479, 40.602350185598446 ], [ 72.100911230703957, 40.602367509630326 ], [ 72.100911230703957, 40.602384833657723 ], [ 72.100911230703957, 40.602402157680629 ], [ 72.100911230703957, 40.602419481699037 ], [ 72.10088841308945, 40.602454130684848 ], [ 72.10086559674258, 40.602523426677671 ], [ 72.100842779128072, 40.6025753995876 ], [ 72.100819961513565, 40.602644696417165 ], [ 72.100797143899044, 40.602679344323775 ], [ 72.100774326284537, 40.602696668270347 ], [ 72.100751508670029, 40.602731317112465 ], [ 72.100728692323159, 40.602748641045558 ], [ 72.100705874708638, 40.602765964974182 ], [ 72.10068305709413, 40.602765964974182 ], [ 72.100637421865102, 40.602783288898301 ], [ 72.100591787903724, 40.602800612817937 ], [ 72.100568970289203, 40.602800612817937 ], [ 72.100500517445667, 40.602783288898301 ], [ 72.100477701098797, 40.602783288898301 ], [ 72.100432065869782, 40.602765964974182 ], [ 72.100386430640768, 40.602731317112465 ], [ 72.100340796679376, 40.602713992212422 ], [ 72.100295161450347, 40.602696668270347 ], [ 72.10027234383584, 40.602713992212422 ], [ 72.100249527488955, 40.602748641045558 ], [ 72.100226709874462, 40.602783288898301 ], [ 72.100181074645434, 40.602904557203885 ], [ 72.100112623069535, 40.603060473960944 ], [ 72.10006698784052, 40.603164417942786 ], [ 72.099998536264621, 40.603251037964569 ], [ 72.099952901035593, 40.603354981650064 ], [ 72.099884448192057, 40.603458925173918 ], [ 72.099838814230679, 40.603545544814047 ], [ 72.099793179001651, 40.603580192253702 ], [ 72.099793179001651, 40.60359751692922 ], [ 72.099747545040273, 40.603614840637825 ], [ 72.099679092196737, 40.603614840637825 ], [ 72.099610640620838, 40.603614840637825 ], [ 72.099496553815911, 40.603580192253702 ], [ 72.099405283357882, 40.603580192253702 ], [ 72.099314014167462, 40.603562868536123 ], [ 72.099177109748041, 40.603545544814047 ], [ 72.099063022943128, 40.603528221087494 ], [ 72.0989489361382, 40.603510897356436 ], [ 72.098926118523678, 40.603510897356436 ], [ 72.098812031718765, 40.603510897356436 ], [ 72.098789214104258, 40.603510897356436 ], [ 72.09874358014288, 40.603528221087494 ], [ 72.098652309684823, 40.603493573620895 ], [ 72.098629492070316, 40.603493573620895 ], [ 72.098606675723445, 40.603493573620895 ], [ 72.098561040494417, 40.603493573620895 ], [ 72.098515405265402, 40.603493573620895 ], [ 72.098492588918532, 40.60347624891844 ], [ 72.098469771304011, 40.60347624891844 ], [ 72.098401318460489, 40.603458925173918 ], [ 72.098355684499097, 40.60347624891844 ], [ 72.09833286688459, 40.60347624891844 ], [ 72.09833286688459, 40.603493573620895 ], [ 72.098287231655561, 40.603528221087494 ], [ 72.098287231655561, 40.603562868536123 ], [ 72.09826441404104, 40.603614840637825 ], [ 72.09826441404104, 40.603666811736687 ], [ 72.09826441404104, 40.603718783757564 ], [ 72.09826441404104, 40.603822726715656 ], [ 72.098241597694184, 40.6038746986153 ], [ 72.098241597694184, 40.603943993135402 ], [ 72.098218780079662, 40.604030612146914 ], [ 72.098218780079662, 40.604134554620082 ], [ 72.098218780079662, 40.60418652627726 ], [ 72.098241597694184, 40.604221173384651 ], [ 72.098241597694184, 40.604273144974464 ], [ 72.09826441404104, 40.604307792036963 ], [ 72.09826441404104, 40.604359763559422 ], [ 72.098287231655561, 40.604481029004816 ], [ 72.098310049270083, 40.604602294230197 ], [ 72.098310049270083, 40.604671588958361 ], [ 72.098310049270083, 40.604688912388582 ], [ 72.098310049270083, 40.604792853838006 ], [ 72.098310049270083, 40.604879471749435 ], [ 72.098310049270083, 40.604896795125775 ], [ 72.09833286688459, 40.604966089548618 ], [ 72.098355684499097, 40.605087353893936 ], [ 72.098355684499097, 40.605156648119213 ], [ 72.098378500845968, 40.605260588841226 ], [ 72.098401318460489, 40.605381852652215 ], [ 72.098401318460489, 40.605485793023995 ], [ 72.098401318460489, 40.605555086836183 ], [ 72.098378500845968, 40.605624380576522 ], [ 72.098378500845968, 40.605710997410327 ], [ 72.09833286688459, 40.605814937270225 ], [ 72.098310049270083, 40.605849583533484 ], [ 72.098241597694184, 40.605901553857073 ], [ 72.098241597694184, 40.605918876968488 ], [ 72.098218780079662, 40.605918876968488 ], [ 72.098150327236127, 40.605988170331663 ], [ 72.098081875660242, 40.606057462660594 ], [ 72.097967788855328, 40.606126755880069 ], [ 72.097876519664922, 40.606213372062797 ], [ 72.097808066821372, 40.606282665120638 ], [ 72.097693980016459, 40.606403927077189 ], [ 72.097602710826052, 40.606473219937456 ], [ 72.097579893211545, 40.60652518881372 ], [ 72.097534257982517, 40.606594481548264 ], [ 72.09744298879211, 40.606698420034178 ], [ 72.097397353563082, 40.606767712589118 ], [ 72.097351719601704, 40.606802358358451 ], [ 72.097328901987197, 40.606819681236388 ], [ 72.097283266758154, 40.606888973665598 ], [ 72.097260449143661, 40.606940943180952 ], [ 72.097237632796777, 40.606992911693517 ], [ 72.097214815182269, 40.60704488112804 ], [ 72.097191997567762, 40.607079526753701 ], [ 72.097146362338734, 40.607148818913494 ], [ 72.097100728377356, 40.607200787264411 ], [ 72.097055093148342, 40.607252756537292 ], [ 72.097009457919299, 40.607322048517482 ], [ 72.096986641572443, 40.607391339463462 ], [ 72.096963823957921, 40.607443308588159 ], [ 72.096918188728893, 40.607495276710075 ], [ 72.096826919538501, 40.607581891119182 ], [ 72.096804101923979, 40.607633860095717 ], [ 72.096781284309472, 40.607685828069449 ], [ 72.096758466694965, 40.607720474325198 ], [ 72.096735650348094, 40.607772442231592 ], [ 72.096690015119066, 40.607824411059944 ], [ 72.096621563543181, 40.607893702447427 ], [ 72.096598745928659, 40.607980315377795 ], [ 72.096598745928659, 40.608032284044491 ], [ 72.096598745928659, 40.608049606603622 ], [ 72.096553110699631, 40.608101575216438 ], [ 72.096553110699631, 40.608188188839762 ], [ 72.09653029308511, 40.608257478887701 ], [ 72.096507475470602, 40.608344092308947 ], [ 72.09653029308511, 40.608448028073809 ], [ 72.096507475470602, 40.608499996376793 ], [ 72.096507475470602, 40.608534641248106 ], [ 72.096484659123732, 40.608586609483737 ], [ 72.096484659123732, 40.608638576716608 ], [ 72.096484659123732, 40.608707867259916 ], [ 72.096461841509225, 40.608742512023468 ], [ 72.096461841509225, 40.608811802459009 ], [ 72.096439023894717, 40.608898415161832 ], [ 72.096439023894717, 40.608985027752389 ], [ 72.09641620628021, 40.60903699563778 ], [ 72.096393388665703, 40.609088962520417 ], [ 72.096393388665703, 40.609123607086396 ], [ 72.096393388665703, 40.609192897126796 ], [ 72.096393388665703, 40.609296831571534 ], [ 72.096393388665703, 40.609383443645712 ], [ 72.096393388665703, 40.609418088059023 ], [ 72.09641620628021, 40.609487377794089 ], [ 72.09641620628021, 40.609556667457319 ], [ 72.09641620628021, 40.609660601336273 ], [ 72.096393388665703, 40.609747212938984 ], [ 72.096370572318818, 40.609799179269324 ], [ 72.096347754704325, 40.609903113733438 ], [ 72.096347754704325, 40.609955079942544 ], [ 72.096370572318818, 40.610059013201841 ], [ 72.096370572318818, 40.610145624288172 ], [ 72.096393388665703, 40.610214913268877 ], [ 72.09641620628021, 40.61026687923551 ], [ 72.09641620628021, 40.610336168090491 ], [ 72.09641620628021, 40.610405456873622 ], [ 72.09641620628021, 40.610457422692072 ], [ 72.096439023894717, 40.610474745584909 ], [ 72.096484659123732, 40.610544033262009 ], [ 72.096507475470602, 40.610647965605303 ], [ 72.09653029308511, 40.610647965605303 ], [ 72.096553110699631, 40.610751897786947 ], [ 72.096598745928659, 40.610855830769268 ], [ 72.096621563543181, 40.610925118051249 ], [ 72.096598745928659, 40.610959762627616 ], [ 72.096598745928659, 40.610977084427894 ], [ 72.096621563543181, 40.611046372546468 ], [ 72.096644379890037, 40.611115659630869 ], [ 72.096644379890037, 40.611132981390739 ], [ 72.096644379890037, 40.611184947605743 ], [ 72.096621563543181, 40.611236913780331 ], [ 72.096553110699631, 40.611271557232726 ], [ 72.096553110699631, 40.611288878952195 ], [ 72.096507475470602, 40.611340845045959 ], [ 72.096484659123732, 40.611392810136998 ], [ 72.09641620628021, 40.611514062821236 ], [ 72.096324937089804, 40.611652637872929 ], [ 72.096279301860775, 40.611721925291008 ], [ 72.096188032670355, 40.611895142078424 ], [ 72.096051128250949, 40.612051037861711 ], [ 72.096028310636427, 40.612085680892029 ], [ 72.09598267667505, 40.61212032486668 ], [ 72.095891406216992, 40.612241576230765 ], [ 72.095777319412079, 40.612362827374838 ], [ 72.09570886783618, 40.612449435475121 ], [ 72.095594781031267, 40.612553364854818 ], [ 72.095480694226339, 40.612639972708131 ], [ 72.095389423768296, 40.612691937751151 ], [ 72.095275336963383, 40.612709259102424 ], [ 72.095206885387483, 40.612743901791468 ], [ 72.095184067772976, 40.612743901791468 ], [ 72.095138432543948, 40.612743901791468 ], [ 72.095069980968063, 40.612761223129262 ], [ 72.094978711777657, 40.612778545424852 ], [ 72.094887441319599, 40.612813188077979 ], [ 72.0948189897437, 40.612865152986295 ], [ 72.094750538167816, 40.612882474292654 ], [ 72.094727720553294, 40.612899795594522 ], [ 72.094659267709758, 40.612917116891907 ], [ 72.094590816133874, 40.612969081719378 ], [ 72.09447672932896, 40.613055689033864 ], [ 72.094362642524032, 40.613159617470586 ], [ 72.094271372065975, 40.613228902363744 ], [ 72.09420292049009, 40.613280866948742 ], [ 72.093906294036714, 40.613506044104781 ], [ 72.093700938041394, 40.613661936129645 ], [ 72.093678120426887, 40.61369657832477 ], [ 72.093632486465509, 40.613731221464214 ], [ 72.093564033621959, 40.613765863623399 ], [ 72.093449946817046, 40.6138351488502 ], [ 72.093290224783104, 40.613904433042862 ], [ 72.093176137978176, 40.613956397102491 ], [ 72.093107686402291, 40.613991039144949 ], [ 72.09308486878777, 40.614008361121705 ], [ 72.093062051173263, 40.614008361121705 ], [ 72.093016415944248, 40.614043003137212 ], [ 72.092970781982856, 40.61407764513477 ], [ 72.092947964368364, 40.614112288076626 ], [ 72.092925146753842, 40.614146930038245 ], [ 72.092879512792464, 40.614216214869892 ], [ 72.092833877563436, 40.61425085677763 ], [ 72.092788242334407, 40.614302820567836 ], [ 72.09274260837303, 40.614337462430662 ], [ 72.092696973144001, 40.614372104275546 ], [ 72.092696973144001, 40.614389425191249 ], [ 72.092628521568116, 40.614424067971456 ], [ 72.09256006872458, 40.614476030664676 ], [ 72.092514433495538, 40.614510673399977 ], [ 72.092514433495538, 40.614545315155048 ], [ 72.09246879953416, 40.614579956892157 ], [ 72.092423164305131, 40.614631920426412 ], [ 72.092377530343754, 40.614666562118614 ], [ 72.092331895114739, 40.614683883920243 ], [ 72.092286259885711, 40.614718525585516 ], [ 72.092286259885711, 40.614735846411406 ], [ 72.092286259885711, 40.614753167232813 ], [ 72.092263442271204, 40.614770488049729 ], [ 72.092240625924333, 40.614770488049729 ], [ 72.092172173080797, 40.614805130632355 ], [ 72.09212653911942, 40.614839772234753 ], [ 72.092103721504898, 40.614891735566943 ], [ 72.092103721504898, 40.614909056347933 ], [ 72.092103721504898, 40.614926377124426 ], [ 72.092103721504898, 40.614961018663962 ], [ 72.092103721504898, 40.614978340389264 ], [ 72.092103721504898, 40.615012981901856 ], [ 72.092080903890391, 40.615047623396478 ], [ 72.092035268661363, 40.615064945099313 ], [ 72.092012452314492, 40.615099586567013 ], [ 72.091966817085478, 40.615151548734872 ], [ 72.091898364241928, 40.615186191119911 ], [ 72.09185273028055, 40.61523815322041 ], [ 72.091784277437014, 40.615290116242754 ], [ 72.091738643475637, 40.615307436920467 ], [ 72.091715825861115, 40.615342078262429 ], [ 72.091693008246608, 40.615376720548682 ], [ 72.091670190632101, 40.615428682500998 ], [ 72.09164737301758, 40.615497966003488 ], [ 72.091533286212652, 40.615497966003488 ], [ 72.091510469865796, 40.615497966003488 ], [ 72.091350747831854, 40.615515286627314 ], [ 72.09103130376397, 40.615532607246656 ], [ 72.090894399344535, 40.615549928823768 ], [ 72.090392416895838, 40.615567249434122 ], [ 72.090323965319953, 40.615584570039985 ], [ 72.090164243285997, 40.615584570039985 ], [ 72.090050156481084, 40.615601890641365 ], [ 72.08952535641788, 40.615636532792905 ], [ 72.089456904841981, 40.615636532792905 ], [ 72.089274365193532, 40.615653853380813 ], [ 72.089228731232154, 40.615636532792905 ], [ 72.089205913617633, 40.615636532792905 ], [ 72.089137462041734, 40.615549928823768 ], [ 72.089069009198198, 40.615480645375165 ], [ 72.088977740007792, 40.615411361854719 ], [ 72.08881801797385, 40.615307436920467 ], [ 72.088544209134994, 40.61516887041077 ], [ 72.088270400296139, 40.615012981901856 ], [ 72.088042226686298, 40.614891735566943 ], [ 72.08799659272492, 40.614874414781454 ], [ 72.087814053076457, 40.614770488049729 ], [ 72.08779123546195, 40.614753167232813 ], [ 72.087540244237601, 40.614631920426412 ], [ 72.087312070627775, 40.614493352515709 ], [ 72.087061079403412, 40.614372104275546 ], [ 72.086878541022614, 40.614302820567836 ], [ 72.086764454217686, 40.61426817772476 ], [ 72.086741636603179, 40.61425085677763 ], [ 72.086559096954716, 40.614198892947009 ], [ 72.086513462993338, 40.614164251012326 ], [ 72.086422192535295, 40.6140949661268 ], [ 72.086216836539975, 40.613991039144949 ], [ 72.086057114506019, 40.613956397102491 ], [ 72.085943027701106, 40.613887112001436 ], [ 72.08578330566715, 40.613817827790811 ], [ 72.085646402515366, 40.613731221464214 ], [ 72.085555132057337, 40.61367925722945 ], [ 72.085326958447496, 40.613540687343004 ], [ 72.085121602452176, 40.613419437374034 ], [ 72.085007515647249, 40.613350152678464 ], [ 72.084870611227814, 40.613280866948742 ], [ 72.084688071579365, 40.613194259926146 ], [ 72.084573984774451, 40.613124974034776 ], [ 72.084505533198552, 40.613090331543305 ], [ 72.084482715584031, 40.613073010290826 ], [ 72.084437080355016, 40.613055689033864 ], [ 72.084414262740495, 40.613055689033864 ], [ 72.08434581116461, 40.613038366810109 ], [ 72.084231724359697, 40.613003724273732 ], [ 72.08414045516929, 40.6129864029988 ], [ 72.084072002325755, 40.612951759473184 ], [ 72.083980733135348, 40.612917116891907 ], [ 72.08393509790632, 40.612899795594522 ], [ 72.083889463944942, 40.612882474292654 ], [ 72.083843828715914, 40.612865152986295 ], [ 72.083821011101392, 40.61284783071315 ], [ 72.083775375872378, 40.612830509397817 ], [ 72.083706924296479, 40.612830509397817 ], [ 72.08366128906745, 40.612830509397817 ], [ 72.083615655106072, 40.612830509397817 ], [ 72.083547202262537, 40.612813188077979 ], [ 72.083455933072131, 40.612813188077979 ], [ 72.083387481496231, 40.612795866753665 ], [ 72.083296211038189, 40.612795866753665 ], [ 72.083204941847796, 40.612795866753665 ], [ 72.083182124233275, 40.612795866753665 ], [ 72.083136490271897, 40.612795866753665 ], [ 72.083045219813826, 40.612778545424852 ], [ 72.082976768237955, 40.612761223129262 ], [ 72.082885499047549, 40.612726580449198 ], [ 72.082794228589492, 40.612691937751151 ], [ 72.082748594628114, 40.612657294072868 ], [ 72.082702959399086, 40.612622651338917 ], [ 72.082634507823187, 40.612570686242002 ], [ 72.082588872594172, 40.612501400666325 ], [ 72.082543237365158, 40.612466756889248 ], [ 72.08242915056023, 40.612380148811418 ], [ 72.082315063755317, 40.612293541583632 ], [ 72.082223794564911, 40.612241576230765 ], [ 72.082223794564911, 40.612224254758274 ], [ 72.082200976950389, 40.612172289351527 ], [ 72.082041254916447, 40.612033716339823 ], [ 72.081904350497013, 40.611912464598539 ], [ 72.081858716535635, 40.611895142078424 ], [ 72.081698994501693, 40.611808533259691 ], [ 72.081539272467751, 40.611704602721495 ], [ 72.081356734086938, 40.611600672021645 ], [ 72.081197012052996, 40.611531385440145 ], [ 72.08110574286259, 40.611496741160146 ], [ 72.080968838443155, 40.611444776149938 ], [ 72.080717847218807, 40.611375488444473 ], [ 72.08048967360898, 40.611306200667165 ], [ 72.080261499999139, 40.611236913780331 ], [ 72.080238682384632, 40.611236913780331 ], [ 72.080056142736169, 40.611184947605743 ], [ 72.079942055931255, 40.611150304108449 ], [ 72.07987360435537, 40.611132981390739 ], [ 72.079805151511835, 40.611115659630869 ], [ 72.079736699935935, 40.611115659630869 ], [ 72.079691064706907, 40.611132981390739 ], [ 72.079622613131008, 40.611184947605743 ], [ 72.07946289109708, 40.611271557232726 ], [ 72.079166264643689, 40.611427454470885 ], [ 72.079143448296833, 40.611444776149938 ], [ 72.078960908648369, 40.611566028739873 ], [ 72.078778370267571, 40.611617994618101 ], [ 72.078573013004586, 40.611687281109795 ], [ 72.078299204165731, 40.611791211674934 ], [ 72.077979761365484, 40.611947107700708 ], [ 72.077956943750976, 40.611964429245035 ], [ 72.077888492175092, 40.611981750784892 ], [ 72.077797221717034, 40.612033716339823 ], [ 72.077683134912107, 40.612085680892029 ], [ 72.077295239268338, 40.612276219162297 ], [ 72.077021431697133, 40.612380148811418 ], [ 72.076861709663191, 40.612414792633402 ], [ 72.07683889204867, 40.612414792633402 ], [ 72.076770440472771, 40.61243211405651 ], [ 72.076747622858264, 40.61243211405651 ], [ 72.076679170014728, 40.61243211405651 ], [ 72.076587900824322, 40.61243211405651 ], [ 72.076382544828988, 40.612414792633402 ], [ 72.076131553604654, 40.612362827374838 ], [ 72.076040283146597, 40.612345505933767 ], [ 72.075857744765784, 40.612293541583632 ], [ 72.075492666736523, 40.612224254758274 ], [ 72.075059135863711, 40.612137646366122 ], [ 72.074716875448971, 40.612051037861711 ], [ 72.074328979805188, 40.611964429245035 ], [ 72.074146441424375, 40.611895142078424 ], [ 72.073963901775912, 40.611843177378034 ], [ 72.073826997356491, 40.611808533259691 ], [ 72.073667275322549, 40.611721925291008 ], [ 72.07359882374665, 40.611687281109795 ], [ 72.073576006132129, 40.611669959493604 ], [ 72.073530372170751, 40.611652637872929 ], [ 72.07339346775133, 40.611600672021645 ], [ 72.073279380946403, 40.611566028739873 ], [ 72.072982754493026, 40.611479419494557 ], [ 72.072777398497706, 40.611427454470885 ], [ 72.072663311692793, 40.611392810136998 ], [ 72.072480772044344, 40.611340845045959 ], [ 72.072389502853937, 40.611323522377653 ], [ 72.072343867624909, 40.611306200667165 ], [ 72.07229823239588, 40.611306200667165 ], [ 72.072252598434503, 40.611288878952195 ], [ 72.072184145590967, 40.611288878952195 ], [ 72.072115694015068, 40.611288878952195 ], [ 72.072070058786053, 40.611288878952195 ], [ 72.072001607210154, 40.611271557232726 ], [ 72.071841885176212, 40.611219591085089 ], [ 72.071750615985806, 40.611202269347658 ], [ 72.071659346795414, 40.611167625859338 ], [ 72.071522442375965, 40.611115659630869 ], [ 72.071362720342023, 40.611063694324301 ], [ 72.071317085113009, 40.611063694324301 ], [ 72.071225815922588, 40.611046372546468 ], [ 72.071202998308081, 40.611046372546468 ], [ 72.071134546732182, 40.611098337866501 ], [ 72.071066093888646, 40.611167625859338 ], [ 72.07104327754179, 40.611202269347658 ], [ 72.070997642312761, 40.611254235508781 ], [ 72.070929189469226, 40.611340845045959 ], [ 72.070860737893327, 40.611444776149938 ], [ 72.070792286317442, 40.611514062821236 ], [ 72.070655381898007, 40.611669959493604 ], [ 72.070518477478572, 40.611825855802266 ], [ 72.070381573059151, 40.611981750784892 ], [ 72.070290303868745, 40.61212032486668 ], [ 72.070199033410688, 40.612241576230765 ], [ 72.070176215796181, 40.612258897698773 ], [ 72.070084946605775, 40.612414792633402 ], [ 72.069993677415368, 40.612536043463138 ], [ 72.06994804218634, 40.612605329965199 ], [ 72.069856772995934, 40.612726580449198 ], [ 72.069833955381426, 40.612761223129262 ], [ 72.069765503805527, 40.612882474292654 ], [ 72.06974268619102, 40.612917116891907 ], [ 72.069697050961992, 40.613003724273732 ], [ 72.069651417000614, 40.613090331543305 ], [ 72.069628599386107, 40.613194259926146 ], [ 72.069582964157064, 40.613280866948742 ], [ 72.069582964157064, 40.61333283053105 ], [ 72.069560146542557, 40.61338479503523 ], [ 72.069537330195686, 40.613506044104781 ], [ 72.069537330195686, 40.613540687343004 ], [ 72.069537330195686, 40.613558008474236 ], [ 72.069514512581179, 40.613609971841001 ], [ 72.069514512581179, 40.613644615025351 ], [ 72.069514512581179, 40.613661936129645 ], [ 72.069491694966658, 40.613731221464214 ], [ 72.069468877352165, 40.613783184696267 ], [ 72.069446059737643, 40.613904433042862 ], [ 72.069400425776266, 40.613973718125969 ], [ 72.069400425776266, 40.614025682131711 ], [ 72.069400425776266, 40.614112288076626 ], [ 72.069377608161759, 40.614216214869892 ], [ 72.069377608161759, 40.614302820567836 ], [ 72.069354790547251, 40.614354783355353 ], [ 72.06933197293273, 40.614441388873679 ], [ 72.069263521356831, 40.614527994279754 ], [ 72.069195068513295, 40.614579956892157 ], [ 72.069080981708382, 40.614701204755129 ], [ 72.069035347747004, 40.614787809824421 ], [ 72.069035347747004, 40.614891735566943 ], [ 72.068989712517975, 40.614961018663962 ], [ 72.068989712517975, 40.614995661147802 ], [ 72.068921260942091, 40.615064945099313 ], [ 72.068921260942091, 40.615116907294109 ], [ 72.068898443327569, 40.615134228016736 ], [ 72.068875625713048, 40.615134228016736 ], [ 72.068829990484019, 40.615151548734872 ], [ 72.068966894903468, 40.61523815322041 ], [ 72.069149434551917, 40.615342078262429 ], [ 72.069491694966658, 40.615446004105046 ], [ 72.069902408224962, 40.615584570039985 ], [ 72.070427207020529, 40.615757777776217 ], [ 72.070746651088413, 40.615930985063407 ], [ 72.070815102664312, 40.615982946584651 ], [ 72.070997642312761, 40.615982946584651 ], [ 72.071225815922588, 40.616156153288081 ], [ 72.071271451151631, 40.616173473741291 ], [ 72.071431171917922, 40.61620811559645 ], [ 72.071545258722836, 40.616190794189983 ], [ 72.07168216314227, 40.616173473741291 ], [ 72.071910338019748, 40.616190794189983 ], [ 72.072412320468445, 40.616242756471415 ], [ 72.072731763268692, 40.616277397328417 ], [ 72.072959936878519, 40.616329359542483 ], [ 72.07318811048836, 40.616329359542483 ], [ 72.073347832522302, 40.616364000354579 ], [ 72.073484736941737, 40.616381320753895 ], [ 72.07359882374665, 40.616467923645345 ], [ 72.073758545780592, 40.616467923645345 ], [ 72.073872632585505, 40.616450603268476 ], [ 72.07428334584381, 40.61648524401771 ], [ 72.074694057834449, 40.616537206070127 ], [ 72.075081953478232, 40.616606488423059 ], [ 72.075332944702566, 40.616658449418928 ], [ 72.075492666736523, 40.616693091022626 ], [ 72.075743657960871, 40.616675769741903 ], [ 72.075880562380306, 40.616727731646129 ], [ 72.076040283146597, 40.616779692547695 ], [ 72.076542265595293, 40.616848974649173 ], [ 72.076861709663191, 40.616918256678794 ], [ 72.077135518502047, 40.616918256678794 ], [ 72.077318056882845, 40.616935576934416 ], [ 72.077683134912107, 40.616970217432183 ], [ 72.077911308521948, 40.617004858874232 ], [ 72.078093848170411, 40.617022179107394 ], [ 72.078230752589846, 40.617022179107394 ], [ 72.078413290970644, 40.617022179107394 ], [ 72.078709917424035, 40.617108781168113 ], [ 72.078938091033862, 40.617178062928325 ], [ 72.079234717487225, 40.617195383116588 ], [ 72.079554160287472, 40.617195383116588 ], [ 72.079736699935935, 40.617264664786966 ], [ 72.07987360435537, 40.617299305114095 ], [ 72.080124595579719, 40.617316625270938 ], [ 72.08028431634601, 40.617333945423276 ], [ 72.080672211989793, 40.617385906815585 ], [ 72.080923203214141, 40.617385906815585 ], [ 72.081265464896532, 40.617385906815585 ], [ 72.081356734086938, 40.617403226949968 ], [ 72.081562090082272, 40.617403226949968 ], [ 72.081858716535635, 40.617472508404809 ], [ 72.082223794564911, 40.617455188288389 ], [ 72.08242915056023, 40.617455188288389 ], [ 72.082634507823187, 40.617455188288389 ], [ 72.082748594628114, 40.617489828516746 ], [ 72.082931133008927, 40.617541788825584 ], [ 72.083159306618754, 40.617524468727119 ], [ 72.083570019877058, 40.617507148624178 ], [ 72.083957915520827, 40.617437867205261 ], [ 72.084208906745175, 40.617489828516746 ], [ 72.084642437617987, 40.617472508404809 ], [ 72.085030331994119, 40.617472508404809 ], [ 72.085190054028061, 40.617489828516746 ], [ 72.085509498095959, 40.617559109881775 ], [ 72.085714854091265, 40.617593750056237 ], [ 72.085874576125221, 40.617576429971251 ], [ 72.086011480544641, 40.617645711246475 ], [ 72.086308105730382, 40.61769767143408 ], [ 72.086878541022614, 40.617714991487638 ], [ 72.087334888242282, 40.617714991487638 ], [ 72.087608697081137, 40.61769767143408 ], [ 72.088179131105733, 40.617818912676874 ], [ 72.088681113554429, 40.617922833704462 ], [ 72.089434087227474, 40.618096035378606 ], [ 72.089867618100271, 40.61816531611499 ], [ 72.090460869739374, 40.618321197268571 ], [ 72.090848765383157, 40.618407797645375 ], [ 72.09116820818339, 40.618494396947696 ], [ 72.092080903890391, 40.618754197067759 ], [ 72.092651337914987, 40.619031315889728 ], [ 72.093244590821726, 40.619221834352857 ], [ 72.093723755655915, 40.619308433562132 ], [ 72.094659267709758, 40.619395032659142 ], [ 72.095298154577904, 40.61944699148615 ], [ 72.096279301860775, 40.619550909981115 ], [ 72.097397353563082, 40.619550909981115 ], [ 72.097511440367995, 40.619568230516386 ], [ 72.097671162401937, 40.619585550084977 ], [ 72.097693980016459, 40.619637508763802 ], [ 72.097762431592358, 40.619828025498101 ], [ 72.09805905804572, 40.620555448380998 ], [ 72.098218780079662, 40.621109669930995 ], [ 72.098446953689503, 40.621629247856561 ], [ 72.098469771304011, 40.621629247856561 ], [ 72.098606675723445, 40.621681205907919 ], [ 72.098629492070316, 40.621681205907919 ], [ 72.099222744977055, 40.621767801928925 ], [ 72.099793179001651, 40.62185439783768 ], [ 72.100842779128072, 40.622010269420784 ], [ 72.101025317508885, 40.622010269420784 ], [ 72.101253491118712, 40.622027588356204 ], [ 72.101481665996204, 40.622027588356204 ], [ 72.102074917635306, 40.622010269420784 ], [ 72.102736622117945, 40.622044908249315 ], [ 72.103421142947454, 40.622148822702812 ], [ 72.104425107844847, 40.622218098273898 ], [ 72.104470743073861, 40.622270055867212 ], [ 72.104721734298224, 40.622495202726213 ], [ 72.104835821103137, 40.622616436224085 ], [ 72.105041177098457, 40.622893538061717 ], [ 72.105109629942007, 40.623014770836612 ], [ 72.105337803551819, 40.623326509185638 ], [ 72.105360621166341, 40.623326509185638 ], [ 72.105383437513211, 40.623343827779784 ], [ 72.105406255127718, 40.623343827779784 ], [ 72.105520341932646, 40.623361146369447 ], [ 72.105588794776182, 40.623430421645324 ], [ 72.105634428737559, 40.623465058775245 ], [ 72.105702881581095, 40.62355165248362 ], [ 72.105794150771501, 40.623603609039606 ], [ 72.105885419961908, 40.623638246079715 ], [ 72.105953872805443, 40.623655564593037 ], [ 72.106341768449226, 40.62372483956355 ], [ 72.106684028863981, 40.623846069867461 ], [ 72.106889384859301, 40.623949981518848 ], [ 72.107300098117591, 40.624053893970697 ], [ 72.107893349756694, 40.624244398109013 ], [ 72.108372514590883, 40.62443490170395 ], [ 72.108509419010304, 40.624521493192823 ], [ 72.108828863078202, 40.624608085531541 ], [ 72.109034219073521, 40.624660041265749 ], [ 72.109376479488262, 40.624833225471697 ], [ 72.109764375132045, 40.62495445376382 ], [ 72.109992548741886, 40.625023727387159 ], [ 72.110152270775828, 40.625023727387159 ], [ 72.110380444385669, 40.625127637206361 ], [ 72.110677070839046, 40.6252661830598 ], [ 72.111110600444206, 40.625439365694028 ], [ 72.111338775321684, 40.625560592885954 ], [ 72.111726670965467, 40.625681820819942 ], [ 72.111817940155873, 40.625716456782321 ], [ 72.112137382956107, 40.6256125478792 ], [ 72.112342740219063, 40.625474001782145 ], [ 72.112570913828904, 40.625352774433054 ], [ 72.112616547790296, 40.6252661830598 ], [ 72.112685000633817, 40.625196910650068 ], [ 72.112776269824224, 40.625196910650068 ], [ 72.11293599185818, 40.625248864964099 ], [ 72.113209800697049, 40.625352774433054 ], [ 72.113506425882761, 40.625560592885954 ], [ 72.113780234721631, 40.625733774756775 ], [ 72.11396277437008, 40.625820365523786 ], [ 72.114099678789515, 40.625820365523786 ], [ 72.114373486360719, 40.625768411654313 ], [ 72.114647295199589, 40.625629865880583 ], [ 72.114807017233531, 40.625525956842743 ], [ 72.115172095262807, 40.625474001782145 ], [ 72.115537173292068, 40.625422047643241 ], [ 72.115788164516403, 40.62538741152818 ], [ 72.116130424931171, 40.625422047643241 ], [ 72.116358598541012, 40.625525956842743 ], [ 72.116495502960433, 40.625647183877504 ], [ 72.116632407379868, 40.625837683471296 ], [ 72.116929033833244, 40.626010864623602 ], [ 72.117316929477028, 40.62611477290703 ], [ 72.11781891192571, 40.626201363180073 ], [ 72.118298076759913, 40.626305271167098 ], [ 72.118822876823103, 40.626339906806159 ], [ 72.11914231962335, 40.626339906806159 ], [ 72.119598666843032, 40.626339906806159 ], [ 72.120055015330337, 40.626357225581046 ], [ 72.120260371325671, 40.626374543389353 ], [ 72.120579815393555, 40.626513086656182 ], [ 72.120967711037338, 40.62670358378012 ], [ 72.121195884647165, 40.626876762687111 ], [ 72.121515327447412, 40.62713653020559 ], [ 72.121811953900774, 40.627275071891724 ], [ 72.122085762739644, 40.627309707989909 ], [ 72.122473657115776, 40.62739629671367 ], [ 72.122747465954632, 40.627448249316785 ], [ 72.123135361598415, 40.627344343108049 ], [ 72.123546074856705, 40.627240436737644 ], [ 72.124116508881286, 40.627171165413543 ], [ 72.124595673715476, 40.62713653020559 ], [ 72.125097656164172, 40.62701530587421 ], [ 72.125554004651491, 40.626911398029783 ], [ 72.126101621061579, 40.626824809639423 ], [ 72.126557969548884, 40.626824809639423 ], [ 72.126900229963638, 40.626807490985783 ], [ 72.126968681539537, 40.626772855589223 ], [ 72.127128403573479, 40.626790173289749 ], [ 72.127265307992914, 40.626772855589223 ], [ 72.127425030026856, 40.626738220174701 ], [ 72.127676021251204, 40.626824809639423 ], [ 72.127790108056118, 40.626876762687111 ], [ 72.128063916894973, 40.626876762687111 ], [ 72.128269272890293, 40.626946034316582 ], [ 72.128497446500134, 40.626980669623336 ], [ 72.128657168534076, 40.626963351972208 ], [ 72.128862524529396, 40.62701530587421 ], [ 72.129181968597294, 40.627101894017578 ], [ 72.129729585007368, 40.627223119153875 ], [ 72.130140298265658, 40.627240436737644 ], [ 72.130665098328876, 40.627257754316922 ], [ 72.131007358743616, 40.627171165413543 ], [ 72.131258349967965, 40.627049941145032 ], [ 72.131691880840776, 40.626842127326476 ], [ 72.132148228060444, 40.626686266057149 ], [ 72.132285132479879, 40.626720901498615 ], [ 72.132193863289473, 40.626876762687111 ], [ 72.131965688411995, 40.627119212594877 ], [ 72.131783150031183, 40.627361660660384 ], [ 72.131783150031183, 40.627604108807802 ], [ 72.132034141255531, 40.628210223882448 ], [ 72.132285132479879, 40.628643160540662 ], [ 72.1323079500944, 40.62912804568851 ], [ 72.132148228060444, 40.629838049422204 ], [ 72.132011323641009, 40.63035756041139 ], [ 72.131897236836096, 40.630773165523095 ], [ 72.131554976421342, 40.631500468244404 ], [ 72.131349619158371, 40.631985333606998 ], [ 72.131075811587152, 40.632366296091952 ], [ 72.130596645485326, 40.633284059813491 ], [ 72.130254385070572, 40.633976703525548 ], [ 72.130026211460745, 40.634426918518137 ], [ 72.129752402621875, 40.634790551451232 ], [ 72.129455777436149, 40.635292707456202 ], [ 72.129410142207135, 40.635379285828712 ], [ 72.129798037850904, 40.635327339395872 ], [ 72.130322837914122, 40.635344654877969 ], [ 72.130824820362804, 40.635483179535136 ], [ 72.131281167582472, 40.635639020272606 ], [ 72.131714697187633, 40.635760228949181 ], [ 72.132330766441257, 40.635950699694313 ], [ 72.132673028123662, 40.636037277213553 ], [ 72.133015288538417, 40.636071907805032 ], [ 72.133380366567678, 40.636054592511542 ], [ 72.133768262211461, 40.636037277213553 ], [ 72.134156157855244, 40.636089223094032 ], [ 72.133813897440476, 40.637318609639912 ], [ 72.133996435821288, 40.637422500328455 ], [ 72.134224609431129, 40.6375783365391 ], [ 72.134407149079578, 40.637612966331197 ], [ 72.134452783040956, 40.63763028218245 ], [ 72.134977583104174, 40.637734172385962 ], [ 72.135456747938363, 40.637872692085189 ], [ 72.136050000845103, 40.638028527244941 ], [ 72.136597617255177, 40.638167046333407 ], [ 72.137008330513481, 40.638288250420274 ], [ 72.138057930639903, 40.63854797354707 ], [ 72.138696816240369, 40.638755750936191 ], [ 72.138833720659804, 40.63879038107946 ], [ 72.139267251532601, 40.638565288193867 ], [ 72.139906138400733, 40.638184361079006 ], [ 72.140545025268864, 40.637838062427811 ], [ 72.140796016493226, 40.637716857523593 ], [ 72.14104700771756, 40.63766491194761 ], [ 72.141480537322721, 40.637647597067271 ], [ 72.141617441742156, 40.637734172385962 ], [ 72.142073788961824, 40.638444084609986 ], [ 72.142438866991085, 40.638859639388237 ], [ 72.142598589025042, 40.638946213135114 ], [ 72.142963667054303, 40.638876954916135 ], [ 72.14360255392242, 40.638755750936191 ], [ 72.143944814337189, 40.638669176942322 ], [ 72.144241440790566, 40.638582603798113 ], [ 72.144538067243928, 40.638444084609986 ], [ 72.144355527595465, 40.63879038107946 ], [ 72.144332709980958, 40.63882501024284 ], [ 72.14428707601958, 40.638980843179574 ], [ 72.144309892366451, 40.639119360292014 ], [ 72.14428707601958, 40.639292506999823 ], [ 72.14428707601958, 40.639327135902725 ], [ 72.144241440790566, 40.639465653258526 ], [ 72.144172989214667, 40.639638799068145 ], [ 72.144172989214667, 40.639760000482894 ], [ 72.144150171600145, 40.639898515978594 ], [ 72.144195805561523, 40.639915831237012 ], [ 72.144264258405059, 40.639950459816575 ], [ 72.144515249629421, 40.640088974917063 ], [ 72.144857510044162, 40.640158232840484 ], [ 72.145062866039481, 40.63996777409961 ], [ 72.145245405687945, 40.639811943466746 ], [ 72.145473579297786, 40.639656113432018 ], [ 72.145678936560756, 40.639569540605812 ], [ 72.145838657327047, 40.639448338845249 ], [ 72.146089648551396, 40.639327135902725 ], [ 72.146272188199859, 40.639257878078951 ], [ 72.146682900190513, 40.639257878078951 ], [ 72.146956709029368, 40.639205933702058 ], [ 72.147162066292324, 40.639240562649867 ], [ 72.147435873863543, 40.639361765749577 ], [ 72.147686865087891, 40.639396394616554 ], [ 72.148097578346182, 40.639379080185314 ], [ 72.148553925565864, 40.639431023465569 ], [ 72.149192812433981, 40.639431023465569 ], [ 72.149717612497199, 40.639482967667313 ], [ 72.150333681750809, 40.639482967667313 ], [ 72.150835664199505, 40.639448338845249 ], [ 72.15138328187723, 40.639396394616554 ], [ 72.152022168745361, 40.639396394616554 ], [ 72.152752324803885, 40.639431023465569 ], [ 72.153916011735234, 40.639552226219472 ], [ 72.155148150242454, 40.6396907421463 ], [ 72.156220566715746, 40.639811943466746 ], [ 72.157315800803545, 40.63996777409961 ], [ 72.15806877447659, 40.640088974917063 ], [ 72.159392183441867, 40.640314062664963 ], [ 72.16021360869081, 40.640400634525612 ], [ 72.16053305275868, 40.640435262853678 ], [ 72.161263208817232, 40.640435262853678 ], [ 72.162038998837133, 40.640452577010976 ], [ 72.162312807675988, 40.640591092031457 ], [ 72.162677885705264, 40.640660348472018 ], [ 72.162837607739206, 40.640764233960034 ], [ 72.163750303446193, 40.641543371409512 ], [ 72.164343555085296, 40.642062790361543 ], [ 72.164640181538672, 40.642305185130503 ], [ 72.164959624338906, 40.642582205271651 ], [ 72.165096528758355, 40.642668774190689 ], [ 72.165461606787616, 40.64275534299744 ], [ 72.166146128884776, 40.642824598154384 ], [ 72.166762198138372, 40.642893853239457 ], [ 72.167309814548446, 40.64299773525142 ], [ 72.168039970606984, 40.643309380317227 ], [ 72.168222510255447, 40.643413261682468 ], [ 72.168290961831332, 40.64344788844766 ], [ 72.168496319094317, 40.643534456243927 ], [ 72.168427866250767, 40.643794158959068 ], [ 72.168154057411911, 40.645265787629178 ], [ 72.168359414674867, 40.64536966594946 ], [ 72.169043935504376, 40.645629360561927 ], [ 72.169317744343232, 40.645819803148477 ], [ 72.169682822372508, 40.646096809664449 ], [ 72.170002266440392, 40.646495004216312 ], [ 72.170367344469653, 40.646720070362129 ], [ 72.170527065235959, 40.646841258919004 ], [ 72.170572700464987, 40.64699707314147 ], [ 72.170618335694016, 40.647135573619089 ], [ 72.170709604884408, 40.647204824231011 ], [ 72.170778056460307, 40.647308699533262 ], [ 72.170800874074814, 40.647308699533262 ], [ 72.170892144532871, 40.647429887021239 ], [ 72.170937778494249, 40.647447199364159 ], [ 72.171325674138032, 40.647724199125442 ], [ 72.171713569781815, 40.647880011286468 ], [ 72.172261187459526, 40.647931947951442 ], [ 72.172671899450179, 40.648001197736988 ], [ 72.173561777542659, 40.648278195198799 ], [ 72.173904037957413, 40.648434006066353 ], [ 72.174200664410776, 40.648503254369132 ], [ 72.174520107211023, 40.648589815608346 ], [ 72.174588560054559, 40.648607127650365 ], [ 72.174657011630458, 40.648624440649655 ], [ 72.174908002854792, 40.648693688754832 ], [ 72.175706611756866, 40.649039932049938 ], [ 72.176117325015156, 40.649247676779972 ], [ 72.176391132586375, 40.649490045455458 ], [ 72.176413950200896, 40.649524669067915 ], [ 72.176550854620316, 40.649732412288913 ], [ 72.176482403044432, 40.649784348473986 ], [ 72.176391132586375, 40.649853596337294 ], [ 72.17604887217162, 40.650165209390259 ], [ 72.175911967752199, 40.650321014890189 ], [ 72.175911967752199, 40.650338327444835 ], [ 72.176391132586375, 40.650580691197305 ], [ 72.176436767815389, 40.650580691197305 ], [ 72.176482403044432, 40.650598002722838 ], [ 72.176870298688215, 40.650580691197305 ], [ 72.1769387502641, 40.650598002722838 ], [ 72.176893115035071, 40.65096154756845 ], [ 72.176801845844679, 40.650944236137242 ], [ 72.176801845844679, 40.650996170417407 ], [ 72.176642123810737, 40.651342401765831 ], [ 72.176345498624997, 40.651671320075181 ], [ 72.176185776591055, 40.651965613473457 ], [ 72.176117325015156, 40.652052170221438 ], [ 72.17604887217162, 40.65215603797845 ], [ 72.176026054557113, 40.652259905573764 ], [ 72.176117325015156, 40.652311838829938 ], [ 72.176436767815389, 40.652571507389631 ], [ 72.176642123810737, 40.652727308232734 ], [ 72.175911967752199, 40.653177395803986 ], [ 72.17604887217162, 40.653281261809397 ], [ 72.176231411820083, 40.65341975020624 ], [ 72.176345498624997, 40.653471682559669 ], [ 72.176482403044432, 40.653540926596392 ], [ 72.176687759039751, 40.653592859817216 ], [ 72.176893115035071, 40.653610170561272 ], [ 72.177098472298042, 40.65362748130083 ], [ 72.178216524000362, 40.653731346605603 ], [ 72.178490332839218, 40.653765968017353 ], [ 72.178558784415117, 40.653748657313727 ], [ 72.179197671283234, 40.653765968017353 ], [ 72.179334575702669, 40.653956387384305 ], [ 72.179357393317176, 40.654008320281747 ], [ 72.179585566927017, 40.654458400173425 ], [ 72.179585566927017, 40.654475710692914 ], [ 72.179905009727264, 40.655081581815715 ], [ 72.179927827341771, 40.655098892173513 ], [ 72.180087549375713, 40.655393170454069 ], [ 72.18017881856612, 40.655600896366209 ], [ 72.180361358214583, 40.656102895819984 ], [ 72.180566714209903, 40.656414479688515 ], [ 72.180886157010136, 40.656864543348433 ], [ 72.180908974624657, 40.656933783863927 ], [ 72.180954609853686, 40.657072263717687 ], [ 72.1810002450827, 40.657262673648297 ], [ 72.180772070205222, 40.657349223524513 ], [ 72.180749253858352, 40.657366533293953 ], [ 72.180680801014816, 40.657383843058902 ], [ 72.180657983400309, 40.657401153781024 ], [ 72.180635165785802, 40.657418463536978 ], [ 72.180612349438917, 40.657435773288455 ], [ 72.180566714209903, 40.657470392777931 ], [ 72.180475445019496, 40.657505013211093 ], [ 72.179996280185321, 40.657643491879128 ], [ 72.179425844893075, 40.657781970259705 ], [ 72.178855410868479, 40.657972378164693 ], [ 72.178353428419783, 40.658162785526216 ], [ 72.178125254809956, 40.658266644732201 ], [ 72.177942715161507, 40.658370502814854 ], [ 72.177554819517724, 40.658422431314726 ], [ 72.177075654683534, 40.658491670213316 ], [ 72.176368316239504, 40.658578218495087 ], [ 72.17577506333275, 40.65868207609266 ], [ 72.175387167688982, 40.658855172049861 ], [ 72.175364351342111, 40.658872481428546 ], [ 72.175341533727604, 40.658872481428546 ], [ 72.175044907274227, 40.658993647915253 ], [ 72.174337568830211, 40.659149433761655 ], [ 72.173379239161832, 40.659184052361837 ], [ 72.173219517127905, 40.659201361655192 ], [ 72.172352456649932, 40.659218671905684 ], [ 72.171667934552772, 40.659149433761655 ], [ 72.171439760942945, 40.659149433761655 ], [ 72.17114313575722, 40.659218671905684 ], [ 72.170846509303857, 40.659305218282618 ], [ 72.170481431274581, 40.659461003401404 ], [ 72.170298891626118, 40.659582168819149 ], [ 72.170093535630798, 40.659824499956017 ], [ 72.169933813596856, 40.660118757391949 ], [ 72.169933813596856, 40.660136066442767 ], [ 72.169819726791943, 40.660326467628551 ], [ 72.169682822372508, 40.660620722850197 ], [ 72.169249292767347, 40.660741886161439 ], [ 72.168473501479795, 40.660759196012179 ], [ 72.16762925861633, 40.660620722850197 ], [ 72.167446718967895, 40.660620722850197 ], [ 72.167264180587068, 40.660620722850197 ], [ 72.167195727743533, 40.660655341648443 ], [ 72.16710445855314, 40.660689959467113 ], [ 72.166921918904677, 40.660741886161439 ], [ 72.166670927680329, 40.660811122652603 ], [ 72.166465571685009, 40.660845741352041 ], [ 72.166214580460661, 40.660863050214218 ], [ 72.165895137660414, 40.660897667925099 ], [ 72.165621328821544, 40.660880359071903 ], [ 72.165279067139153, 40.660863050214218 ], [ 72.165096528758355, 40.660845741352041 ], [ 72.164868355148514, 40.660880359071903 ], [ 72.164571728695137, 40.660897667925099 ], [ 72.164206650665875, 40.660949595419332 ], [ 72.163727485831686, 40.661001521911544 ], [ 72.163408041763788, 40.661018830733305 ], [ 72.16302014738767, 40.661036140512159 ], [ 72.162883242968221, 40.661053449324946 ], [ 72.162677885705264, 40.661070758133221 ], [ 72.162586616514844, 40.661088066937005 ], [ 72.16233562529051, 40.661070758133221 ], [ 72.161673920807871, 40.661001521911544 ], [ 72.161400113236652, 40.66093228561801 ], [ 72.161377295622145, 40.66093228561801 ], [ 72.161057851554247, 40.660845741352041 ], [ 72.160761226368535, 40.660707268369713 ], [ 72.160464599915159, 40.660638031770759 ], [ 72.159939799851941, 40.660568796061547 ], [ 72.159483452632273, 40.660534177218388 ], [ 72.159209643793403, 40.660551486161403 ], [ 72.159049921759475, 40.660568796061547 ], [ 72.158639209768822, 40.660586104995588 ], [ 72.158388218544474, 40.660620722850197 ], [ 72.158251314125039, 40.660655341648443 ], [ 72.158251314125039, 40.660707268369713 ], [ 72.15806877447659, 40.660707268369713 ], [ 72.156882271198384, 40.660707268369713 ], [ 72.156745366778949, 40.660707268369713 ], [ 72.156083662296311, 40.660707268369713 ], [ 72.155695766652528, 40.660776504896809 ], [ 72.155148150242454, 40.661018830733305 ], [ 72.15482870617457, 40.66115730306884 ], [ 72.15393882808209, 40.661711187613264 ], [ 72.15359656766735, 40.66193620147498 ], [ 72.153528116091451, 40.661970818628916 ], [ 72.153231489638074, 40.662178524060032 ], [ 72.153140220447668, 40.662230449595576 ], [ 72.152957680799204, 40.662316993026543 ], [ 72.152638237998971, 40.66243815325663 ], [ 72.152478515965015, 40.662472771111638 ], [ 72.152432880736001, 40.662472771111638 ], [ 72.15241006438913, 40.662490079551631 ], [ 72.152387246774623, 40.662490079551631 ], [ 72.152113437935753, 40.662490079551631 ], [ 72.151611455487071, 40.662403536345231 ], [ 72.150995386233447, 40.662247758098431 ], [ 72.150653125818707, 40.662109288988198 ], [ 72.150379316979837, 40.66193620147498 ], [ 72.149900152145648, 40.66160733473172 ], [ 72.14978606534072, 40.661503480726893 ], [ 72.149671978535821, 40.661399627521966 ], [ 72.149489438887358, 40.661122684531101 ], [ 72.149238447663009, 40.660741886161439 ], [ 72.149215630048502, 40.660482250362364 ], [ 72.149215630048502, 40.660136066442767 ], [ 72.149192812433981, 40.659928355613289 ], [ 72.149147178472603, 40.659686024853706 ], [ 72.149101543243574, 40.659616788156377 ], [ 72.149078725629067, 40.659530241222051 ], [ 72.148987456438661, 40.6593917655089 ], [ 72.148804916790198, 40.659322528506152 ], [ 72.148417022414066, 40.6593917655089 ], [ 72.148097578346182, 40.659512932014024 ], [ 72.14773250031692, 40.65965140651403 ], [ 72.147413057516673, 40.659720644137046 ], [ 72.147116431063296, 40.659789881688191 ], [ 72.14691107506799, 40.659737953291163 ], [ 72.146774170648541, 40.65965140651403 ], [ 72.146500361809686, 40.659564859624602 ], [ 72.14622655297083, 40.659530241222051 ], [ 72.145975561746482, 40.659547550425579 ], [ 72.14572457052212, 40.65965140651403 ], [ 72.145450761683264, 40.659737953291163 ], [ 72.145040049692625, 40.659824499956017 ], [ 72.144674971663349, 40.659911046508569 ], [ 72.144309892366451, 40.660014902031101 ], [ 72.143899180375811, 40.660205303562726 ], [ 72.143420015541622, 40.660395704550886 ], [ 72.142963667054303, 40.660551486161403 ], [ 72.142644224254056, 40.660655341648443 ], [ 72.142416050644215, 40.660707268369713 ], [ 72.142096606576331, 40.660741886161439 ], [ 72.14166307697117, 40.660793813776955 ], [ 72.141275181327401, 40.660880359071903 ], [ 72.140841650454604, 40.661036140512159 ], [ 72.140499390039835, 40.661191920627019 ], [ 72.140202763586458, 40.66133039260324 ], [ 72.140271216429994, 40.661382318799021 ], [ 72.140339668005893, 40.661399627521966 ], [ 72.140522207654357, 40.661468863330406 ], [ 72.140681929688299, 40.661641952056343 ], [ 72.140955737259503, 40.661866966151607 ], [ 72.141069824064417, 40.662057362396752 ], [ 72.141412085746822, 40.662316993026543 ], [ 72.141914068195518, 40.662680474018131 ], [ 72.142210693381259, 40.663009335470385 ], [ 72.142484502220114, 40.663338196262757 ], [ 72.142758311058984, 40.6638401374938 ], [ 72.142758311058984, 40.663857445578955 ], [ 72.143077753859217, 40.664290151055816 ], [ 72.14316902431726, 40.664411307701648 ], [ 72.143420015541622, 40.664861317409887 ], [ 72.143511284732028, 40.665017088591107 ], [ 72.143967631951696, 40.665726711569228 ], [ 72.143990449566203, 40.665778634342487 ], [ 72.14428707601958, 40.666228634824982 ], [ 72.14469778801022, 40.666938243950668 ], [ 72.145154136497538, 40.667630539385925 ], [ 72.145427945336408, 40.668063219422002 ], [ 72.146317822161237, 40.668842037181776 ], [ 72.147230517868223, 40.669586232662496 ], [ 72.147892222350862, 40.670226580377445 ], [ 72.148941821209647, 40.67117843684855 ], [ 72.149763247726213, 40.671905299301372 ], [ 72.150014238950561, 40.672095666889916 ], [ 72.150059872911953, 40.67213027973218 ], [ 72.150173960984503, 40.672216810317053 ], [ 72.150196777331374, 40.672234116228267 ], [ 72.150310864136301, 40.672320646678386 ], [ 72.150333681750809, 40.672337952562657 ], [ 72.15069875978007, 40.672043749035005 ], [ 72.150744395009099, 40.672009136147821 ], [ 72.150812846584984, 40.671957218225536 ], [ 72.150904117043041, 40.671991830178222 ], [ 72.15097256861894, 40.67235525844243 ], [ 72.151155108267389, 40.67263215479219 ], [ 72.151337646648201, 40.672805214547047 ], [ 72.151360464262723, 40.672839826059544 ], [ 72.151360464262723, 40.672891744256034 ], [ 72.15138328187723, 40.67294366145066 ], [ 72.15138328187723, 40.672995579566305 ], [ 72.151406099491737, 40.673082109028236 ], [ 72.151406099491737, 40.673134026074642 ], [ 72.151406099491737, 40.673255166653803 ], [ 72.151406099491737, 40.673289778894159 ], [ 72.151406099491737, 40.673687811156128 ], [ 72.15138328187723, 40.673739728692325 ], [ 72.151360464262723, 40.673808950729132 ], [ 72.151337646648201, 40.673930091043452 ], [ 72.151337646648201, 40.674068535611347 ], [ 72.151337646648201, 40.674137758268195 ], [ 72.151406099491737, 40.674258897023691 ], [ 72.151451733453129, 40.674328119482901 ], [ 72.151451733453129, 40.674466563224314 ], [ 72.151360464262723, 40.674691534051497 ], [ 72.151223559843288, 40.674864588461126 ], [ 72.151086655423853, 40.674985726857429 ], [ 72.150904117043041, 40.675054947600607 ], [ 72.150881299428534, 40.675072252775173 ], [ 72.150835664199505, 40.675054947600607 ], [ 72.150630308204185, 40.675245306196587 ], [ 72.150630308204185, 40.675366443901154 ], [ 72.150630308204185, 40.67550488548649 ], [ 72.15056185536065, 40.67564332678436 ], [ 72.150493403784751, 40.675764463765731 ], [ 72.150379316979837, 40.675920209479045 ], [ 72.150675942165563, 40.676058650875866 ], [ 72.150858481814026, 40.676214395901937 ], [ 72.150744395009099, 40.676266311470684 ], [ 72.150242412560402, 40.676595105929401 ], [ 72.150493403784751, 40.676871984671259 ], [ 72.150812846584984, 40.67706233807916 ], [ 72.15110947303836, 40.677114252987607 ], [ 72.151223559843288, 40.677114252987607 ], [ 72.151816811482377, 40.677131557627654 ], [ 72.151999351130854, 40.677131557627654 ], [ 72.152227524740681, 40.677131557627654 ], [ 72.153048949989625, 40.67709694834307 ], [ 72.153642202896364, 40.67709694834307 ], [ 72.154007280925626, 40.67709694834307 ], [ 72.154646167793771, 40.676906595033998 ], [ 72.154897159018105, 40.676785460127867 ], [ 72.155011245823033, 40.676491276224922 ], [ 72.155079697398918, 40.676508581988053 ], [ 72.1555816798476, 40.676647021201696 ], [ 72.155604497462122, 40.676664325963024 ], [ 72.156448740325573, 40.676889289374188 ], [ 72.157133262422732, 40.677079642732679 ], [ 72.157749331676357, 40.677252690943547 ], [ 72.157840600866749, 40.677079642732679 ], [ 72.158228496510532, 40.677218081721854 ], [ 72.158547939310765, 40.6773738250007 ], [ 72.158981470183576, 40.67758148149894 ], [ 72.159186826178896, 40.677668005009203 ], [ 72.159323730598331, 40.677650699547037 ], [ 72.159597539437186, 40.677633395041752 ], [ 72.160076704271376, 40.677702613997312 ], [ 72.160304877881202, 40.677737222967465 ], [ 72.160624321949086, 40.677737222967465 ], [ 72.160738408754014, 40.677685309505506 ], [ 72.160784043983043, 40.677668005009203 ], [ 72.160806860329913, 40.677668005009203 ], [ 72.160875313173449, 40.677633395041752 ], [ 72.160989399978362, 40.67758148149894 ], [ 72.16103503393974, 40.677564176975686 ], [ 72.16144574719803, 40.67735651946218 ], [ 72.161788007612799, 40.677269995547654 ], [ 72.16213026929519, 40.677183472482199 ], [ 72.162198720871075, 40.677183472482199 ], [ 72.162267173714611, 40.677183472482199 ], [ 72.16233562529051, 40.677200777104268 ], [ 72.162358442905031, 40.677200777104268 ], [ 72.162449712095437, 40.677200777104268 ], [ 72.162837607739206, 40.677269995547654 ], [ 72.163179868153961, 40.677339214880526 ], [ 72.163727485831686, 40.677408434141533 ], [ 72.164252285894889, 40.677460347819107 ], [ 72.16448045950473, 40.677391129573365 ], [ 72.1647542683436, 40.67735651946218 ], [ 72.165050893529312, 40.67735651946218 ], [ 72.165393155211717, 40.677425738705224 ], [ 72.166009224465327, 40.677598786017704 ], [ 72.166488389299516, 40.677789137350352 ], [ 72.167127276167648, 40.677944879295111 ], [ 72.167537988158301, 40.677962183719544 ], [ 72.167903066187563, 40.677979488139485 ], [ 72.168268145484461, 40.678048706735694 ], [ 72.168633223513723, 40.678152534014565 ], [ 72.168770127933172, 40.678187142751142 ], [ 72.168884214738085, 40.678256361131737 ], [ 72.16881576189455, 40.678429406288103 ], [ 72.168792944280028, 40.678550537245769 ], [ 72.168792944280028, 40.678792798500766 ], [ 72.168770127933172, 40.678810103666436 ], [ 72.168724492704129, 40.679000451540325 ], [ 72.168633223513723, 40.679294624370769 ], [ 72.168587588284709, 40.679415753756253 ], [ 72.168496319094317, 40.67964070788269 ], [ 72.168473501479795, 40.679744532682022 ], [ 72.168450683865274, 40.67988296613715 ], [ 72.168382232289389, 40.680159831223619 ], [ 72.168359414674867, 40.680211742758573 ], [ 72.168245327869954, 40.680436695160139 ], [ 72.168245327869954, 40.680471302710856 ], [ 72.16819969264094, 40.680592429958189 ], [ 72.16819969264094, 40.680661645841262 ], [ 72.168176875026418, 40.680834684753847 ], [ 72.168154057411911, 40.680955811340858 ], [ 72.168085605836012, 40.68121536839584 ], [ 72.168062788221491, 40.681284583632063 ], [ 72.168039970606984, 40.681492227948205 ], [ 72.168017154260113, 40.681647960280173 ], [ 72.167994336645606, 40.681838300050579 ], [ 72.167994336645606, 40.68189021123969 ], [ 72.167903066187563, 40.682097853669198 ], [ 72.167857432226171, 40.682513136587687 ], [ 72.167766163035779, 40.683032237558564 ], [ 72.16772052780675, 40.683430211654915 ], [ 72.16772052780675, 40.683845486272183 ], [ 72.167583623387316, 40.684416485126789 ], [ 72.167469536582402, 40.684900965079834 ], [ 72.167378267391996, 40.685281625498114 ], [ 72.167286996933939, 40.685714191953082 ], [ 72.167286996933939, 40.685973730478445 ], [ 72.167423901353374, 40.686129452339529 ], [ 72.16762925861633, 40.68645819911147 ], [ 72.167788979382635, 40.686769641166997 ], [ 72.167788979382635, 40.686994570475072 ], [ 72.167811796997157, 40.687132988872882 ], [ 72.167903066187563, 40.687306010985225 ], [ 72.167948701416577, 40.68754824041887 ], [ 72.167880249840692, 40.687859677380345 ], [ 72.167880249840692, 40.68837873670968 ], [ 72.167880249840692, 40.688396038425459 ], [ 72.167857432226171, 40.688517151271313 ], [ 72.167857432226171, 40.688707471424877 ], [ 72.167857432226171, 40.688932395153621 ], [ 72.16792588380207, 40.689105411632951 ], [ 72.168062788221491, 40.689330334018535 ], [ 72.168176875026418, 40.689572556094063 ], [ 72.168313779445853, 40.689883984556261 ], [ 72.168541953055694, 40.690108903352744 ], [ 72.168678857475115, 40.690403027156933 ], [ 72.168724492704129, 40.690506835191911 ], [ 72.168838579509057, 40.690731751886034 ], [ 72.16895266631397, 40.691043174930662 ], [ 72.169043935504376, 40.691268089814436 ], [ 72.169180839923811, 40.691527606710096 ], [ 72.169135205962434, 40.691925530076965 ], [ 72.169203657538333, 40.692254247295111 ], [ 72.169135205962434, 40.692392654767914 ], [ 72.169066753118898, 40.69273867026979 ], [ 72.168929848699463, 40.692928978366297 ], [ 72.168747310318651, 40.693240391141664 ], [ 72.168678857475115, 40.693447998209201 ], [ 72.168541953055694, 40.693776707916328 ], [ 72.168564770670201, 40.693949712778647 ], [ 72.168770127933172, 40.694261119822087 ], [ 72.168907031084956, 40.694676327910358 ], [ 72.168975483928492, 40.694970431553372 ], [ 72.168450683865274, 40.694970431553372 ], [ 72.168176875026418, 40.694987731557624 ], [ 72.167743345421258, 40.695005031557393 ], [ 72.167469536582402, 40.695022331552664 ], [ 72.166534023260894, 40.695091532449943 ], [ 72.16619176284614, 40.69505693249085 ], [ 72.166146128884776, 40.69503963250456 ], [ 72.165461606787616, 40.694486024804753 ], [ 72.164891172763021, 40.694157317635998 ], [ 72.164389190314324, 40.693897811943792 ], [ 72.164138199089976, 40.693794008230547 ], [ 72.164046928631933, 40.693845910107392 ], [ 72.163818755022092, 40.694209219229812 ], [ 72.163704668217164, 40.694416823278551 ], [ 72.163522129836366, 40.6947455282059 ], [ 72.16336240780241, 40.695074232472642 ], [ 72.16302014738767, 40.695472134658502 ], [ 72.162677885705264, 40.695645135118369 ], [ 72.162175903256568, 40.695921934727536 ], [ 72.161879278070828, 40.696250632229116 ], [ 72.161286025164088, 40.696700427042117 ], [ 72.160989399978362, 40.697202117119517 ], [ 72.160943764749334, 40.697236716925609 ], [ 72.160715591139507, 40.697461610902351 ], [ 72.160396148339274, 40.697686504119879 ], [ 72.159939799851941, 40.698032493089983 ], [ 72.159141192217518, 40.698516874052615 ], [ 72.159027105412605, 40.69863796850268 ], [ 72.15889020099317, 40.698793661730086 ], [ 72.158730478959228, 40.699035849403813 ], [ 72.158593574539793, 40.699295336043768 ], [ 72.15847948773488, 40.699641316658024 ], [ 72.158411036158981, 40.700108387252413 ], [ 72.158502305349387, 40.700904129112878 ], [ 72.158525122963908, 40.701734458937345 ], [ 72.158593574539793, 40.702080425921928 ], [ 72.158639209768822, 40.702391795920924 ], [ 72.1586163921543, 40.702928039025267 ], [ 72.158684843730214, 40.703274000771231 ], [ 72.158730478959228, 40.703585364229561 ], [ 72.158753296573749, 40.703585364229561 ], [ 72.159004287798084, 40.703602661996626 ], [ 72.15889020099317, 40.704415660629969 ], [ 72.158935834954548, 40.704727018751207 ], [ 72.158935834954548, 40.704917292602232 ], [ 72.158844565764142, 40.705228648378373 ], [ 72.158730478959228, 40.7059724376413 ], [ 72.162175903256568, 40.706352977683558 ], [ 72.162814790124699, 40.706439463840908 ], [ 72.164548911080615, 40.706629732799549 ], [ 72.164731450729079, 40.70666432674782 ], [ 72.1647542683436, 40.706698921639074 ], [ 72.164799902304978, 40.706785407347162 ], [ 72.164822719919485, 40.706820001214581 ], [ 72.164868355148514, 40.706906486765433 ], [ 72.164959624338906, 40.707079457530192 ], [ 72.165073711143833, 40.707304318276172 ], [ 72.165552875978022, 40.708169161479979 ], [ 72.165689780397443, 40.708376722023893 ], [ 72.165826684816878, 40.708601579350514 ], [ 72.165826684816878, 40.708618875814743 ], [ 72.166054858426705, 40.708757248327807 ], [ 72.166374302494589, 40.708964807038733 ], [ 72.166807832099749, 40.709414516000336 ], [ 72.167058823324112, 40.710279331799114 ], [ 72.167081640938619, 40.71055607059791 ], [ 72.166921918904677, 40.710867400011473 ], [ 72.166853467328792, 40.711109544745135 ], [ 72.166830649714271, 40.71116143217008 ], [ 72.166739380523865, 40.711438167302852 ], [ 72.166716562909357, 40.711697605625439 ], [ 72.166807832099749, 40.712026225280887 ], [ 72.166921918904677, 40.712562391772558 ], [ 72.166967554133691, 40.712908303470847 ], [ 72.167081640938619, 40.713254212411208 ], [ 72.167309814548446, 40.713565530170115 ], [ 72.167446718967895, 40.713738482677265 ], [ 72.167492354196909, 40.713997912036866 ], [ 72.167515171811431, 40.714101683305508 ], [ 72.167515171811431, 40.714118978341084 ], [ 72.167515171811431, 40.714291930371395 ], [ 72.167583623387316, 40.714499471830401 ], [ 72.167903066187563, 40.714724308481607 ], [ 72.168678857475115, 40.715139388057004 ], [ 72.168747310318651, 40.715191273302374 ], [ 72.168770127933172, 40.715225862802953 ], [ 72.168929848699463, 40.715381517254777 ], [ 72.16895266631397, 40.715416106656519 ], [ 72.168975483928492, 40.715450696040278 ], [ 72.168975483928492, 40.715467990725422 ], [ 72.169112388347912, 40.715658233887098 ], [ 72.169089570733405, 40.715865772047778 ], [ 72.169112388347912, 40.715917655766241 ], [ 72.169112388347912, 40.715952245850232 ], [ 72.169135205962434, 40.716574852759329 ], [ 72.169112388347912, 40.717007216043328 ], [ 72.169021119157506, 40.717595224834625 ], [ 72.169043935504376, 40.717768167834414 ], [ 72.169066753118898, 40.717785461917529 ], [ 72.168975483928492, 40.71807946352537 ], [ 72.168792944280028, 40.718788520658599 ], [ 72.168633223513723, 40.719203575855282 ], [ 72.168473501479795, 40.719445689310881 ], [ 72.168359414674867, 40.719618627503309 ], [ 72.168154057411911, 40.719964502540293 ], [ 72.167971519031084, 40.720362256034655 ], [ 72.167903066187563, 40.720569778569882 ], [ 72.167880249840692, 40.720932941930094 ], [ 72.167880249840692, 40.721002114946835 ], [ 72.167857432226171, 40.72136527594828 ], [ 72.167880249840692, 40.721728434968341 ], [ 72.167880249840692, 40.72184948721447 ], [ 72.167857432226171, 40.722385574596444 ], [ 72.167948701416577, 40.72266226307579 ], [ 72.168131241065041, 40.723215636583895 ], [ 72.168268145484461, 40.723526906800096 ], [ 72.168313779445853, 40.723751712001906 ], [ 72.168313779445853, 40.723924639006931 ], [ 72.168268145484461, 40.723941931490593 ], [ 72.168176875026418, 40.72401110234096 ], [ 72.168017154260113, 40.724184028672028 ], [ 72.167903066187563, 40.724305076452175 ], [ 72.167674892577708, 40.724547172312683 ], [ 72.167469536582402, 40.724737389527903 ], [ 72.167378267391996, 40.724893020779199 ], [ 72.167309814548446, 40.725048652627223 ], [ 72.167081640938619, 40.725325330035858 ], [ 72.166807832099749, 40.725463667828507 ], [ 72.166488389299516, 40.725584713281286 ], [ 72.166237398075168, 40.725688467449189 ], [ 72.166077676041226, 40.725895973378435 ], [ 72.165849502431399, 40.726068894812123 ], [ 72.165644146436065, 40.726189939164108 ], [ 72.165438789173095, 40.726328275159553 ], [ 72.16530188475366, 40.726414735370938 ], [ 72.165073711143833, 40.726501195469986 ], [ 72.164868355148514, 40.726587655456704 ], [ 72.164731450729079, 40.726639531779092 ], [ 72.164434824275716, 40.726950785982218 ], [ 72.164297919856267, 40.72721016385313 ], [ 72.163864390251106, 40.728005581867357 ], [ 72.163681850602657, 40.732051692781297 ], [ 72.16365903298815, 40.732155435906037 ], [ 72.163681850602657, 40.732276470147603 ], [ 72.163681850602657, 40.732362921670251 ], [ 72.16365903298815, 40.732449374041138 ], [ 72.163613399026772, 40.732570407748014 ], [ 72.163590581412251, 40.732604988217787 ], [ 72.162312807675988, 40.732570407748014 ], [ 72.162153086909697, 40.732743310877709 ], [ 72.161742373651407, 40.734558774776694 ], [ 72.16185646045632, 40.734627934591948 ], [ 72.163339590187903, 40.73557887115939 ], [ 72.16530188475366, 40.736719977098737 ], [ 72.166579658489923, 40.737376968696665 ], [ 72.166648111333458, 40.737515281435535 ], [ 72.166670927680329, 40.737757329237226 ], [ 72.166693745294836, 40.737912930999002 ], [ 72.166670927680329, 40.738466176732203 ], [ 72.166670927680329, 40.738483466397646 ], [ 72.166670927680329, 40.738500755098094 ], [ 72.166670927680329, 40.739002130259088 ], [ 72.166693745294836, 40.739503501641188 ], [ 72.166693745294836, 40.739607233146366 ], [ 72.166693745294836, 40.73967638771343 ], [ 72.166716562909357, 40.739918427651766 ], [ 72.166739380523865, 40.740212331489737 ], [ 72.166762198138372, 40.740333350113708 ], [ 72.166785014485257, 40.740385215719705 ], [ 72.166876284943299, 40.740523522203866 ], [ 72.166921918904677, 40.740921152824484 ], [ 72.167013189362734, 40.741180476237489 ], [ 72.16710445855314, 40.741612678718695 ], [ 72.16710445855314, 40.741889287255418 ], [ 72.167172910129025, 40.742217758818924 ], [ 72.167309814548446, 40.742494364839338 ], [ 72.167378267391996, 40.742770969709433 ], [ 72.167446718967895, 40.743012997426895 ], [ 72.167515171811431, 40.743324175038275 ], [ 72.167560805772808, 40.743548914319177 ], [ 72.167583623387316, 40.743773651880289 ], [ 72.167606441001823, 40.744032964172071 ], [ 72.167606441001823, 40.744223125684734 ], [ 72.167652074963215, 40.74434413701141 ], [ 72.167697710192229, 40.744586159964626 ], [ 72.167697710192229, 40.744862755175021 ], [ 72.167743345421258, 40.745052914315131 ], [ 72.167743345421258, 40.745329508544735 ], [ 72.167743345421258, 40.745640676278271 ], [ 72.167743345421258, 40.745986415109677 ], [ 72.167811796997157, 40.746211145394632 ], [ 72.167811796997157, 40.746487733846834 ], [ 72.167971519031084, 40.746798896161195 ], [ 72.167994336645606, 40.747023622740237 ], [ 72.168108423450533, 40.74730020877368 ], [ 72.16819969264094, 40.747663226256869 ], [ 72.168245327869954, 40.747887949915118 ], [ 72.168268145484461, 40.747991668344362 ], [ 72.168359414674867, 40.748337395913744 ], [ 72.168405048636245, 40.748527545118684 ], [ 72.168405048636245, 40.748700407735043 ], [ 72.168382232289389, 40.748855982937307 ], [ 72.168382232289389, 40.748890555901973 ], [ 72.168336597060346, 40.748976986794503 ], [ 72.168313779445853, 40.749115275412677 ], [ 72.168336597060346, 40.749132561349697 ], [ 72.168359414674867, 40.749201706013125 ], [ 72.168473501479795, 40.749288136501235 ], [ 72.168541953055694, 40.749391852746598 ], [ 72.168656039860593, 40.749478282987553 ], [ 72.168747310318651, 40.749512854668353 ], [ 72.16895266631397, 40.749668428930171 ], [ 72.169180839923811, 40.749806716110406 ], [ 72.169454648762667, 40.749979575401518 ], [ 72.169682822372508, 40.750083290568433 ], [ 72.169865362020971, 40.750187005573579 ], [ 72.170025082787248, 40.750273434781008 ], [ 72.170207622435726, 40.750377149489573 ], [ 72.170435796045552, 40.750480864036376 ], [ 72.170527065235959, 40.750515436156221 ], [ 72.170686787269887, 40.750584578421396 ], [ 72.170983413723263, 40.750705579133054 ], [ 72.171257222562133, 40.750861149644024 ], [ 72.171599482976887, 40.750964863435897 ], [ 72.171622300591409, 40.750982149852398 ], [ 72.171645116938279, 40.750982149852398 ], [ 72.171713569781815, 40.751016720751323 ], [ 72.171827656586728, 40.751085863455543 ], [ 72.171896108162613, 40.751103148880283 ], [ 72.172055830196555, 40.751189576896905 ], [ 72.172101465425598, 40.751206862294687 ], [ 72.172101465425598, 40.751224147687985 ], [ 72.172261187459526, 40.751293290176505 ], [ 72.172284003806396, 40.751310575547329 ], [ 72.172306821420918, 40.751327860913648 ], [ 72.172968525903556, 40.751690856409724 ], [ 72.171416943328438, 40.751466145603104 ], [ 72.170846509303857, 40.751414288638188 ], [ 72.170709604884408, 40.751397003294336 ], [ 72.170572700464987, 40.75137971794598 ], [ 72.169591553182102, 40.751310575547329 ], [ 72.169363379572275, 40.751293290176505 ], [ 72.169066753118898, 40.751276004801184 ], [ 72.168701675089622, 40.751258718461088 ], [ 72.168496319094317, 40.751241433076778 ], [ 72.168039970606984, 40.751206862294687 ], [ 72.168039970606984, 40.751241433076778 ], [ 72.168039970606984, 40.751414288638188 ], [ 72.168017154260113, 40.752019278604116 ], [ 72.168336597060346, 40.7520884202658 ], [ 72.168610405899216, 40.752122991549832 ], [ 72.169249292767347, 40.75217484700174 ], [ 72.170892144532871, 40.752313129929682 ], [ 72.172603447874295, 40.752451411609741 ], [ 72.173630230386195, 40.752503267765796 ], [ 72.1748167336644, 40.752658834070736 ], [ 72.175866333790822, 40.752745260065225 ], [ 72.177007203107635, 40.752848970918251 ], [ 72.178125254809956, 40.752935396665585 ], [ 72.178490332839218, 40.752969966548953 ], [ 72.178650053605523, 40.752987252444171 ], [ 72.179174853668712, 40.753039107222037 ], [ 72.179448662507582, 40.753056392139001 ], [ 72.180133183337091, 40.753108247823221 ], [ 72.180292905371033, 40.753108247823221 ], [ 72.180566714209903, 40.753125532722215 ], [ 72.181616314336324, 40.753246527849626 ], [ 72.181753217488108, 40.753263813672937 ], [ 72.182278017551312, 40.753298383385548 ], [ 72.18321353087282, 40.753574943320139 ], [ 72.184057773736271, 40.753851502104339 ], [ 72.18547245189194, 40.754283622241481 ], [ 72.186134155106942, 40.754525609021286 ], [ 72.187297842038276, 40.754854017213418 ], [ 72.18839307612609, 40.755199709103316 ], [ 72.189374223408961, 40.75547626112899 ], [ 72.190492275111268, 40.755804664625188 ], [ 72.191176797208428, 40.756012076624877 ], [ 72.191906953266965, 40.756271341194626 ], [ 72.192705562169024, 40.756478751738328 ], [ 72.193435718227562, 40.756703446563968 ], [ 72.194120239057071, 40.75694542357585 ], [ 72.195078569993086, 40.757221968339636 ], [ 72.19624225565677, 40.757602215391429 ], [ 72.197542847007554, 40.757982460268231 ], [ 72.198113281032121, 40.75817258189101 ], [ 72.198934707548716, 40.758379986502959 ], [ 72.199391054768384, 40.758466405060318 ], [ 72.199824585641196, 40.758518256524894 ], [ 72.200258115246356, 40.758397270031381 ], [ 72.20078291530956, 40.758189865473362 ], [ 72.20149025375359, 40.757930608385749 ], [ 72.202494218650969, 40.757584931656297 ], [ 72.202996201099666, 40.757342956011989 ], [ 72.203863261577638, 40.756979991374152 ], [ 72.204547783674798, 40.756738014488107 ], [ 72.205574566186698, 40.756357762493174 ], [ 72.206190635440308, 40.756184919783713 ], [ 72.206532895855062, 40.756098498260471 ], [ 72.207080513532787, 40.756063930003805 ], [ 72.207559678366977, 40.75596022416574 ], [ 72.208175747620587, 40.755856518165899 ], [ 72.20856364326437, 40.755821948823183 ], [ 72.208609277225747, 40.755821948823183 ] ] ] } }
]
}
